,star_rating,title,content_rating,genre,duration,actors_list
0,9.3,The Shawshank Redemption,R,Crime,142,"[u'Tim Robbins', u'Morgan Freeman', u'Bob Gunton']"
1,9.2,The Godfather,R,Crime,175,"[u'Marlon Brando', u'Al Pacino', u'James Caan']"
2,9.1,The Godfather: Part II,R,Crime,200,"[u'Al Pacino', u'Robert De Niro', u'Robert Duvall']"
3,9.0,The Dark Knight,PG-13,Action,152,"[u'Christian Bale', u'Heath Ledger', u'Aaron Eckhart']"
4,8.9,Pulp Fiction,R,Crime,154,"[u'John Travolta', u'Uma Thurman', u'Samuel L. Jackson']"
5,8.9,12 Angry Men,NOT RATED,Drama,96,"[u'Henry Fonda', u'Lee J. Cobb', u'Martin Balsam']"
6,8.9,"The Good, the Bad and the Ugly",NOT RATED,Western,161,"[u'Clint Eastwood', u'Eli Wallach', u'Lee Van Cleef']"
7,8.9,The Lord of the Rings: The Return of the King,PG-13,Adventure,201,"[u'Elijah Wood', u'Viggo Mortensen', u'Ian McKellen']"
8,8.9,Schindler's List,R,Biography,195,"[u'Liam Neeson', u'Ralph Fiennes', u'Ben Kingsley']"
9,8.9,Fight Club,R,Drama,139,"[u'Brad Pitt', u'Edward Norton', u'Helena Bonham Carter']"
10,8.8,The Lord of the Rings: The Fellowship of the Ring,PG-13,Adventure,178,"[u'Elijah Wood', u'Ian McKellen', u'Orlando Bloom']"
11,8.8,Inception,PG-13,Action,148,"[u'Leonardo DiCaprio', u'Joseph Gordon-Levitt', u'Ellen Page']"
12,8.8,Star Wars: Episode V - The Empire Strikes Back,PG,Action,124,"[u'Mark Hamill', u'Harrison Ford', u'Carrie Fisher']"
13,8.8,Forrest Gump,PG-13,Drama,142,"[u'Tom Hanks', u'Robin Wright', u'Gary Sinise']"
14,8.8,The Lord of the Rings: The Two Towers,PG-13,Adventure,179,"[u'Elijah Wood', u'Ian McKellen', u'Viggo Mortensen']"
15,8.7,Interstellar,PG-13,Adventure,169,"[u'Matthew McConaughey', u'Anne Hathaway', u'Jessica Chastain']"
16,8.7,One Flew Over the Cuckoo's Nest,R,Drama,133,"[u'Jack Nicholson', u'Louise Fletcher', u'Michael Berryman']"
17,8.7,Seven Samurai,UNRATED,Drama,207,"[u'Toshir\xf4 Mifune', u'Takashi Shimura', u'Keiko Tsushima']"
18,8.7,Goodfellas,R,Biography,146,"[u'Robert De Niro', u'Ray Liotta', u'Joe Pesci']"
19,8.7,Star Wars,PG,Action,121,"[u'Mark Hamill', u'Harrison Ford', u'Carrie Fisher']"
20,8.7,The Matrix,R,Action,136,"[u'Keanu Reeves', u'Laurence Fishburne', u'Carrie-Anne Moss']"
21,8.7,City of God,R,Crime,130,"[u'Alexandre Rodrigues', u'Matheus Nachtergaele', u'Leandro Firmino']"
22,8.7,It's a Wonderful Life,APPROVED,Drama,130,"[u'James Stewart', u'Donna Reed', u'Lionel Barrymore']"
23,8.7,The Usual Suspects,R,Crime,106,"[u'Kevin Spacey', u'Gabriel Byrne', u'Chazz Palminteri']"
24,8.7,Se7en,R,Drama,127,"[u'Morgan Freeman', u'Brad Pitt', u'Kevin Spacey']"
25,8.6,Life Is Beautiful,PG-13,Comedy,116,"[u'Roberto Benigni', u'Nicoletta Braschi', u'Giorgio Cantarini']"
26,8.6,Once Upon a Time in the West,PG-13,Western,175,"[u'Henry Fonda', u'Charles Bronson', u'Claudia Cardinale']"
27,8.6,The Silence of the Lambs,R,Drama,118,"[u'Jodie Foster', u'Anthony Hopkins', u'Lawrence A. Bonney']"
28,8.6,Leon: The Professional,R,Crime,110,"[u'Jean Reno', u'Gary Oldman', u'Natalie Portman']"
29,8.6,City Lights,PASSED,Comedy,87,"[u'Charles Chaplin', u'Virginia Cherrill', u'Florence Lee']"
30,8.6,Spirited Away,PG,Animation,125,"[u'Daveigh Chase', u'Suzanne Pleshette', u'Miyu Irino']"
31,8.6,The Intouchables,R,Biography,112,"[u'Fran\xe7ois Cluzet', u'Omar Sy', u'Anne Le Ny']"
32,8.6,Casablanca,PG,Drama,102,"[u'Humphrey Bogart', u'Ingrid Bergman', u'Paul Henreid']"
33,8.6,Whiplash,R,Drama,107,"[u'Miles Teller', u'J.K. Simmons', u'Melissa Benoist']"
34,8.6,American History X,R,Crime,119,"[u'Edward Norton', u'Edward Furlong', u""Beverly D'Angelo""]"
35,8.6,Modern Times,G,Comedy,87,"[u'Charles Chaplin', u'Paulette Goddard', u'Henry Bergman']"
36,8.6,Saving Private Ryan,R,Action,169,"[u'Tom Hanks', u'Matt Damon', u'Tom Sizemore']"
37,8.6,Raiders of the Lost Ark,PG,Action,115,"[u'Harrison Ford', u'Karen Allen', u'Paul Freeman']"
38,8.6,Rear Window,APPROVED,Mystery,112,"[u'James Stewart', u'Grace Kelly', u'Wendell Corey']"
39,8.6,Psycho,R,Horror,109,"[u'Anthony Perkins', u'Janet Leigh', u'Vera Miles']"
40,8.5,The Green Mile,R,Crime,189,"[u'Tom Hanks', u'Michael Clarke Duncan', u'David Morse']"
41,8.5,Sunset Blvd.,NOT RATED,Drama,110,"[u'William Holden', u'Gloria Swanson', u'Erich von Stroheim']"
42,8.5,The Pianist,R,Biography,150,"[u'Adrien Brody', u'Thomas Kretschmann', u'Frank Finlay']"
43,8.5,The Dark Knight Rises,PG-13,Action,165,"[u'Christian Bale', u'Tom Hardy', u'Anne Hathaway']"
44,8.5,Gladiator,R,Action,155,"[u'Russell Crowe', u'Joaquin Phoenix', u'Connie Nielsen']"
45,8.5,Terminator 2: Judgment Day,R,Action,137,"[u'Arnold Schwarzenegger', u'Linda Hamilton', u'Edward Furlong']"
46,8.5,Memento,R,Mystery,113,"[u'Guy Pearce', u'Carrie-Anne Moss', u'Joe Pantoliano']"
47,8.5,Taare Zameen Par,PG,Drama,165,"[u'Darsheel Safary', u'Aamir Khan', u'Tanay Chheda']"
48,8.5,Dr. Strangelove or: How I Learned to Stop Worrying and Love the Bomb,PG,Comedy,95,"[u'Peter Sellers', u'George C. Scott', u'Sterling Hayden']"
49,8.5,The Departed,R,Crime,151,"[u'Leonardo DiCaprio', u'Matt Damon', u'Jack Nicholson']"
50,8.5,Cinema Paradiso,R,Drama,155,"[u'Philippe Noiret', u'Enzo Cannavale', u'Antonella Attili']"
51,8.5,Apocalypse Now,R,Drama,153,"[u'Martin Sheen', u'Marlon Brando', u'Robert Duvall']"
52,8.5,The Great Dictator,APPROVED,Comedy,125,"[u'Charles Chaplin', u'Paulette Goddard', u'Jack Oakie']"
53,8.5,The Prestige,PG-13,Drama,130,"[u'Christian Bale', u'Hugh Jackman', u'Scarlett Johansson']"
54,8.5,Back to the Future,PG,Adventure,116,"[u'Michael J. Fox', u'Christopher Lloyd', u'Lea Thompson']"
55,8.5,The Lion King,G,Animation,89,"[u'Matthew Broderick', u'Jeremy Irons', u'James Earl Jones']"
56,8.5,The Lives of Others,R,Drama,137,"[u'Ulrich M\xfche', u'Martina Gedeck', u'Sebastian Koch']"
57,8.5,Alien,R,Horror,117,"[u'Sigourney Weaver', u'Tom Skerritt', u'John Hurt']"
58,8.5,Paths of Glory,APPROVED,Drama,88,"[u'Kirk Douglas', u'Ralph Meeker', u'Adolphe Menjou']"
59,8.5,Django Unchained,R,Western,165,"[u'Jamie Foxx', u'Christoph Waltz', u'Leonardo DiCaprio']"
60,8.5,3 Idiots,PG-13,Comedy,170,"[u'Aamir Khan', u'Madhavan', u'Mona Singh']"
61,8.5,Grave of the Fireflies,UNRATED,Animation,89,"[u'Tsutomu Tatsumi', u'Ayano Shiraishi', u'Akemi Yamaguchi']"
62,8.5,The Shining,R,Horror,146,"[u'Jack Nicholson', u'Shelley Duvall', u'Danny Lloyd']"
63,8.4,M,NOT RATED,Crime,99,"[u'Peter Lorre', u'Ellen Widmann', u'Inge Landgut']"
64,8.4,WALL-E,G,Animation,98,"[u'Ben Burtt', u'Elissa Knight', u'Jeff Garlin']"
65,8.4,Witness for the Prosecution,APPROVED,Crime,116,"[u'Tyrone Power', u'Marlene Dietrich', u'Charles Laughton']"
66,8.4,Munna Bhai M.B.B.S.,NOT RATED,Comedy,156,"[u'Sunil Dutt', u'Sanjay Dutt', u'Arshad Warsi']"
67,8.4,American Beauty,R,Drama,122,"[u'Kevin Spacey', u'Annette Bening', u'Thora Birch']"
68,8.4,Das Boot,R,Adventure,149,"[u'J\xfcrgen Prochnow', u'Herbert Gr\xf6nemeyer', u'Klaus Wennemann']"
69,8.4,Princess Mononoke,PG-13,Animation,134,"[u'Y\xf4ji Matsuda', u'Yuriko Ishida', u'Y\xfbko Tanaka']"
70,8.4,Amelie,R,Comedy,122,"[u'Audrey Tautou', u'Mathieu Kassovitz', u'Rufus']"
71,8.4,North by Northwest,APPROVED,Adventure,136,"[u'Cary Grant', u'Eva Marie Saint', u'James Mason']"
72,8.4,Rang De Basanti,NOT RATED,Drama,157,"[u'Aamir Khan', u'Soha Ali Khan', u'Siddharth']"
73,8.4,Jodaeiye Nader az Simin,PG-13,Drama,123,"[u'Peyman Moaadi', u'Leila Hatami', u'Sareh Bayat']"
74,8.4,Citizen Kane,APPROVED,Drama,119,"[u'Orson Welles', u'Joseph Cotten', u'Dorothy Comingore']"
75,8.4,Aliens,R,Action,137,"[u'Sigourney Weaver', u'Michael Biehn', u'Carrie Henn']"
76,8.4,Vertigo,APPROVED,Mystery,128,"[u'James Stewart', u'Kim Novak', u'Barbara Bel Geddes']"
77,8.4,Oldeuboi,R,Drama,120,"[u'Min-sik Choi', u'Ji-tae Yu', u'Hye-jeong Kang']"
78,8.4,Once Upon a Time in America,R,Crime,229,"[u'Robert De Niro', u'James Woods', u'Elizabeth McGovern']"
79,8.4,Double Indemnity,PASSED,Crime,107,"[u'Fred MacMurray', u'Barbara Stanwyck', u'Edward G. Robinson']"
80,8.4,Star Wars: Episode VI - Return of the Jedi,PG,Action,134,"[u'Mark Hamill', u'Harrison Ford', u'Carrie Fisher']"
81,8.4,Toy Story 3,G,Animation,103,"[u'Tom Hanks', u'Tim Allen', u'Joan Cusack']"
82,8.4,Braveheart,R,Action,177,"[u'Mel Gibson', u'Sophie Marceau', u'Patrick McGoohan']"
83,8.4,To Kill a Mockingbird,NOT RATED,Drama,129,"[u'Gregory Peck', u'John Megna', u'Frank Overton']"
84,8.4,Requiem for a Dream,R,Drama,102,"[u'Ellen Burstyn', u'Jared Leto', u'Jennifer Connelly']"
85,8.4,Lawrence of Arabia,PG,Adventure,216,"[u""Peter O'Toole"", u'Alec Guinness', u'Anthony Quinn']"
86,8.4,A Clockwork Orange,X,Crime,136,"[u'Malcolm McDowell', u'Patrick Magee', u'Michael Bates']"
87,8.4,Bicycle Thieves,NOT RATED,Drama,93,"[u'Lamberto Maggiorani', u'Enzo Staiola', u'Lianella Carell']"
88,8.4,The Kid,NOT RATED,Comedy,68,"[u'Charles Chaplin', u'Edna Purviance', u'Jackie Coogan']"
89,8.4,Swades,NOT RATED,Drama,189,"[u'Shah Rukh Khan', u'Gayatri Joshi', u'Kishori Balal']"
90,8.4,Reservoir Dogs,R,Crime,99,"[u'Harvey Keitel', u'Tim Roth', u'Michael Madsen']"
91,8.4,Eternal Sunshine of the Spotless Mind,R,Drama,108,"[u'Jim Carrey', u'Kate Winslet', u'Tom Wilkinson']"
92,8.4,Taxi Driver,R,Crime,113,"[u'Robert De Niro', u'Jodie Foster', u'Cybill Shepherd']"
93,8.4,Dilwale Dulhania Le Jayenge,NOT RATED,Comedy,181,"[u'Shah Rukh Khan', u'Kajol', u'Amrish Puri']"
94,8.4,Singin' in the Rain,APPROVED,Comedy,103,"[u'Gene Kelly', u""Donald O'Connor"", u'Debbie Reynolds']"
95,8.4,All About Eve,APPROVED,Drama,138,"[u'Bette Davis', u'Anne Baxter', u'George Sanders']"
96,8.4,Yojimbo,UNRATED,Action,110,"[u'Toshir\xf4 Mifune', u'Eijir\xf4 T\xf4no', u'Tatsuya Nakadai']"
97,8.4,The Sting,PG,Comedy,129,"[u'Paul Newman', u'Robert Redford', u'Robert Shaw']"
98,8.4,Rashomon,UNRATED,Crime,88,"[u'Toshir\xf4 Mifune', u'Machiko Ky\xf4', u'Masayuki Mori']"
99,8.4,Amadeus,R,Biography,160,"[u'F. Murray Abraham', u'Tom Hulce', u'Elizabeth Berridge']"
100,8.3,The Treasure of the Sierra Madre,NOT RATED,Action,126,"[u'Humphrey Bogart', u'Walter Huston', u'Tim Holt']"
101,8.3,Monty Python and the Holy Grail,PG,Adventure,91,"[u'Graham Chapman', u'John Cleese', u'Eric Idle']"
102,8.3,Full Metal Jacket,R,Drama,116,"[u'Matthew Modine', u'R. Lee Ermey', u""Vincent D'Onofrio""]"
103,8.3,The Apartment,APPROVED,Comedy,125,"[u'Jack Lemmon', u'Shirley MacLaine', u'Fred MacMurray']"
104,8.3,Ikiru,NOT RATED,Drama,143,"[u'Takashi Shimura', u'Nobuo Kaneko', u""Shin'ichi Himori""]"
105,8.3,The Third Man,NOT RATED,Film-Noir,93,"[u'Orson Welles', u'Joseph Cotten', u'Alida Valli']"
106,8.3,Snatch.,R,Comedy,102,"[u'Jason Statham', u'Brad Pitt', u'Benicio Del Toro']"
107,8.3,For a Few Dollars More,APPROVED,Western,132,"[u'Clint Eastwood', u'Lee Van Cleef', u'Gian Maria Volont\xe9']"
108,8.3,Metropolis,NOT RATED,Drama,153,"[u'Brigitte Helm', u'Alfred Abel', u'Gustav Fr\xf6hlich']"
109,8.3,Dil Chahta Hai,NOT RATED,Comedy,183,"[u'Aamir Khan', u'Saif Ali Khan', u'Akshaye Khanna']"
110,8.3,2001: A Space Odyssey,G,Mystery,160,"[u'Keir Dullea', u'Gary Lockwood', u'William Sylvester']"
111,8.3,Some Like It Hot,NOT RATED,Comedy,120,"[u'Marilyn Monroe', u'Tony Curtis', u'Jack Lemmon']"
112,8.3,L.A. Confidential,R,Crime,138,"[u'Kevin Spacey', u'Russell Crowe', u'Guy Pearce']"
113,8.3,Batman Begins,PG-13,Action,140,"[u'Christian Bale', u'Michael Caine', u'Ken Watanabe']"
114,8.3,Inglourious Basterds,R,Adventure,153,"[u'Brad Pitt', u'Diane Kruger', u'Eli Roth']"
115,8.3,Scarface,R,Crime,170,"[u'Al Pacino', u'Michelle Pfeiffer', u'Steven Bauer']"
116,8.3,Mr. Smith Goes to Washington,NOT RATED,Drama,129,"[u'James Stewart', u'Jean Arthur', u'Claude Rains']"
117,8.3,Toy Story,G,Animation,81,"[u'Tom Hanks', u'Tim Allen', u'Don Rickles']"
118,8.3,Indiana Jones and the Last Crusade,PG-13,Action,127,"[u'Harrison Ford', u'Sean Connery', u'Alison Doody']"
119,8.3,Unforgiven,R,Western,131,"[u'Clint Eastwood', u'Gene Hackman', u'Morgan Freeman']"
120,8.3,The Great Escape,UNRATED,Adventure,172,"[u'Steve McQueen', u'James Garner', u'Richard Attenborough']"
121,8.3,Jagten,R,Drama,115,"[u'Mads Mikkelsen', u'Thomas Bo Larsen', u'Annika Wedderkopp']"
122,8.3,On the Waterfront,NOT RATED,Crime,108,"[u'Marlon Brando', u'Karl Malden', u'Lee J. Cobb']"
123,8.3,The General,UNRATED,Action,107,"[u'Buster Keaton', u'Marion Mack', u'Glen Cavender']"
124,8.3,Raging Bull,R,Biography,129,"[u'Robert De Niro', u'Cathy Moriarty', u'Joe Pesci']"
125,8.3,Downfall,R,Biography,156,"[u'Bruno Ganz', u'Alexandra Maria Lara', u'Ulrich Matthes']"
126,8.3,Up,PG,Animation,96,"[u'Edward Asner', u'Jordan Nagai', u'John Ratzenberger']"
127,8.3,Wild Strawberries,UNRATED,Drama,91,"[u'Victor Sj\xf6str\xf6m', u'Bibi Andersson', u'Ingrid Thulin']"
128,8.3,The Gold Rush,NOT RATED,Adventure,95,"[u'Charles Chaplin', u'Mack Swain', u'Tom Murray']"
129,8.3,Ran,R,Action,162,"[u'Tatsuya Nakadai', u'Akira Terao', u'Jinpachi Nezu']"
130,8.3,Chinatown,R,Drama,130,"[u'Jack Nicholson', u'Faye Dunaway', u'John Huston']"
131,8.3,My Neighbor Totoro,G,Animation,86,"[u'Hitoshi Takagi', u'Noriko Hidaka', u'Chika Sakamoto']"
132,8.3,Judgment at Nuremberg,NOT RATED,Drama,186,"[u'Spencer Tracy', u'Burt Lancaster', u'Richard Widmark']"
133,8.3,Barfi!,NOT RATED,Adventure,151,"[u'Ranbir Kapoor', u'Priyanka Chopra', u'Ileana']"
134,8.3,The Seventh Seal,NOT RATED,Drama,96,"[u'Max von Sydow', u'Gunnar Bj\xf6rnstrand', u'Bengt Ekerot']"
135,8.3,Heat,R,Action,170,"[u'Al Pacino', u'Robert De Niro', u'Val Kilmer']"
136,8.3,Pan's Labyrinth,R,Drama,118,"[u'Ivana Baquero', u'Ariadna Gil', u'Sergi L\xf3pez']"
137,8.3,The Bridge on the River Kwai,PG,Adventure,161,"[u'William Holden', u'Alec Guinness', u'Jack Hawkins']"
138,8.3,Die Hard,R,Action,131,"[u'Bruce Willis', u'Alan Rickman', u'Bonnie Bedelia']"
139,8.3,Good Will Hunting,R,Drama,126,"[u'Robin Williams', u'Matt Damon', u'Ben Affleck']"
140,8.3,The Wages of Fear,NOT RATED,Adventure,131,"[u'Yves Montand', u'Charles Vanel', u'Peter van Eyck']"
141,8.3,The Secret in Their Eyes,R,Drama,129,"[u'Ricardo Dar\xedn', u'Soledad Villamil', u'Pablo Rago']"
142,8.3,Lagaan: Once Upon a Time in India,PG,Adventure,224,"[u'Aamir Khan', u'Gracy Singh', u'Rachel Shelley']"
143,8.2,The Wolf of Wall Street,R,Biography,180,"[u'Leonardo DiCaprio', u'Jonah Hill', u'Margot Robbie']"
144,8.2,It Happened One Night,UNRATED,Comedy,105,"[u'Clark Gable', u'Claudette Colbert', u'Walter Connolly']"
145,8.2,Blade Runner,R,Sci-Fi,117,"[u'Harrison Ford', u'Rutger Hauer', u'Sean Young']"
146,8.2,Warrior,PG-13,Drama,140,"[u'Tom Hardy', u'Nick Nolte', u'Joel Edgerton']"
147,8.2,Howl's Moving Castle,PG,Animation,119,"[u'Chieko Baish\xf4', u'Takuya Kimura', u'Tatsuya Gash\xfbin']"
148,8.2,The Elephant Man,PG,Biography,124,"[u'Anthony Hopkins', u'John Hurt', u'Anne Bancroft']"
149,8.2,Rebecca,NOT RATED,Mystery,130,"[u'Laurence Olivier', u'Joan Fontaine', u'George Sanders']"
150,8.2,Incendies,R,Drama,139,"[u'Lubna Azabal', u'M\xe9lissa D\xe9sormeaux-Poulin', u'Maxim Gaudette']"
151,8.2,"Lock, Stock and Two Smoking Barrels",R,Comedy,107,"[u'Jason Flemyng', u'Dexter Fletcher', u'Nick Moran']"
152,8.2,V for Vendetta,R,Action,132,"[u'Hugo Weaving', u'Natalie Portman', u'Rupert Graves']"
153,8.2,The Big Lebowski,R,Comedy,117,"[u'Jeff Bridges', u'John Goodman', u'Julianne Moore']"
154,8.2,Cool Hand Luke,PG,Crime,126,"[u'Paul Newman', u'George Kennedy', u'Strother Martin']"
155,8.2,Relatos salvajes,R,Comedy,122,"[u'Dar\xedo Grandinetti', u'Mar\xeda Marull', u'M\xf3nica Villa']"
156,8.2,Casino,R,Biography,178,"[u'Robert De Niro', u'Sharon Stone', u'Joe Pesci']"
157,8.2,Gone with the Wind,G,Drama,238,"[u'Clark Gable', u'Vivien Leigh', u'Thomas Mitchell']"
158,8.2,Gone Girl,R,Drama,149,"[u'Ben Affleck', u'Rosamund Pike', u'Neil Patrick Harris']"
159,8.2,The Best Years of Our Lives,PASSED,Drama,172,"[u'Fredric March', u'Dana Andrews', u'Myrna Loy']"
160,8.2,How to Train Your Dragon,PG,Animation,98,"[u'Jay Baruchel', u'Gerard Butler', u'Christopher Mintz-Plasse']"
161,8.2,Diabolique,UNRATED,Horror,116,"[u'Simone Signoret', u'V\xe9ra Clouzot', u'Paul Meurisse']"
162,8.2,Gran Torino,R,Drama,116,"[u'Clint Eastwood', u'Bee Vang', u'Christopher Carley']"
163,8.2,Rush,R,Action,123,"[u'Daniel Br\xfchl', u'Chris Hemsworth', u'Olivia Wilde']"
164,8.2,Into the Wild,R,Adventure,148,"[u'Emile Hirsch', u'Vince Vaughn', u'Catherine Keener']"
165,8.2,My Sassy Girl,NOT RATED,Comedy,123,"[u'Tae-hyun Cha', u'Gianna Jun', u'In-mun Kim']"
166,8.2,The Deer Hunter,R,Drama,182,"[u'Robert De Niro', u'Christopher Walken', u'John Cazale']"
167,8.2,Mary and Max,NOT RATED,Animation,92,"[u'Toni Collette', u'Philip Seymour Hoffman', u'Eric Bana']"
168,8.2,Hachi: A Dog's Tale,G,Drama,93,"[u'Richard Gere', u'Joan Allen', u'Cary-Hiroyuki Tagawa']"
169,8.2,The Maltese Falcon,NOT RATED,Crime,100,"[u'Humphrey Bogart', u'Mary Astor', u'Gladys George']"
170,8.2,A Beautiful Mind,PG-13,Biography,135,"[u'Russell Crowe', u'Ed Harris', u'Jennifer Connelly']"
171,8.2,Dial M for Murder,PG,Crime,105,"[u'Ray Milland', u'Grace Kelly', u'Robert Cummings']"
172,8.2,Trainspotting,R,Drama,94,"[u'Ewan McGregor', u'Ewen Bremner', u'Jonny Lee Miller']"
173,8.2,Tae Guk Gi: The Brotherhood of War,R,Action,140,"[u'Dong-gun Jang', u'Bin Won', u'Eun-ju Lee']"
174,8.2,Persona,NOT RATED,Drama,83,"[u'Bibi Andersson', u'Liv Ullmann', u'Margaretha Krook']"
175,8.2,Touch of Evil,PG-13,Crime,95,"[u'Charlton Heston', u'Orson Welles', u'Janet Leigh']"
176,8.2,Fargo,R,Crime,98,"[u'William H. Macy', u'Frances McDormand', u'Steve Buscemi']"
177,8.2,The Avengers,PG-13,Action,143,"[u'Robert Downey Jr.', u'Chris Evans', u'Scarlett Johansson']"
178,8.2,The 400 Blows,NOT RATED,Crime,99,"[u'Jean-Pierre L\xe9aud', u'Albert R\xe9my', u'Claire Maurier']"
179,8.2,The Princess Bride,PG,Adventure,98,"[u'Cary Elwes', u'Mandy Patinkin', u'Robin Wright']"
180,8.2,Hotel Rwanda,PG-13,Drama,121,"[u'Don Cheadle', u'Sophie Okonedo', u'Joaquin Phoenix']"
181,8.2,Stalker,NOT RATED,Drama,163,"[u'Alisa Freyndlikh', u'Aleksandr Kaydanovskiy', u'Anatoliy Solonitsyn']"
182,8.2,The Battle of Algiers,NOT RATED,Crime,121,"[u'Brahim Hadjadj', u'Jean Martin', u'Yacef Saadi']"
183,8.2,Underground,NOT RATED,Comedy,167,"[u'Predrag Manojlovic', u'Lazar Ristovski', u'Mirjana Jokovic']"
184,8.2,Fanny and Alexander,R,Drama,188,"[u'Bertil Guve', u'Pernilla Allwin', u'Kristina Adolphson']"
185,8.2,Network,R,Drama,121,"[u'Faye Dunaway', u'William Holden', u'Peter Finch']"
186,8.2,The Thing,R,Horror,109,"[u'Kurt Russell', u'Wilford Brimley', u'Keith David']"
187,8.2,Butch Cassidy and the Sundance Kid,,Biography,110,"[u'Paul Newman', u'Robert Redford', u'Katharine Ross']"
188,8.2,The Grapes of Wrath,NOT RATED,Drama,129,"[u'Henry Fonda', u'Jane Darwell', u'John Carradine']"
189,8.2,"Black Cat, White Cat",R,Comedy,127,"[u'Bajram Severdzan', u'Srdjan Todorovic', u'Branka Katic']"
190,8.2,Life of Brian,R,Comedy,94,"[u'Graham Chapman', u'John Cleese', u'Michael Palin']"
191,8.2,The Sixth Sense,PG-13,Drama,107,"[u'Bruce Willis', u'Haley Joel Osment', u'Toni Collette']"
192,8.2,Finding Nemo,G,Animation,100,"[u'Albert Brooks', u'Ellen DeGeneres', u'Alexander Gould']"
193,8.2,Nausicaa of the Valley of the Wind,PG,Animation,117,"[u'Sumi Shimamoto', u'Mahito Tsujimura', u'Hisako Ky\xf4da']"
194,8.1,Kingsman: The Secret Service,R,Action,129,"[u'Colin Firth', u'Taron Egerton', u'Samuel L. Jackson']"
195,8.1,Platoon,R,Drama,120,"[u'Charlie Sheen', u'Tom Berenger', u'Willem Dafoe']"
196,8.1,Guardians of the Galaxy,PG-13,Action,121,"[u'Chris Pratt', u'Vin Diesel', u'Bradley Cooper']"
197,8.1,In the Name of the Father,R,Biography,133,"[u'Daniel Day-Lewis', u'Pete Postlethwaite', u'Alison Crosbie']"
198,8.1,Kill Bill: Vol. 1,R,Action,111,"[u'Uma Thurman', u'David Carradine', u'Daryl Hannah']"
199,8.1,No Country for Old Men,R,Crime,122,"[u'Tommy Lee Jones', u'Javier Bardem', u'Josh Brolin']"
200,8.1,Le Samourai,PG,Crime,101,"[u'Alain Delon', u'Nathalie Delon', u'Fran\xe7ois P\xe9rier']"
201,8.1,12 Years a Slave,R,Biography,134,"[u'Chiwetel Ejiofor', u'Michael Kenneth Williams', u'Michael Fassbender']"
202,8.1,La leggenda del pianista sull'oceano,R,Drama,165,"[u'Tim Roth', u'Pruitt Taylor Vince', u'Bill Nunn']"
203,8.1,8 1/2,NOT RATED,Drama,138,"[u'Marcello Mastroianni', u'Anouk Aim\xe9e', u'Claudia Cardinale']"
204,8.1,Ben-Hur,G,Adventure,212,"[u'Charlton Heston', u'Jack Hawkins', u'Stephen Boyd']"
205,8.1,Amores Perros,R,Drama,154,"[u'Emilio Echevarr\xeda', u'Gael Garc\xeda Bernal', u'Goya Toledo']"
206,8.1,Stand by Me,R,Adventure,89,"[u'Wil Wheaton', u'River Phoenix', u'Corey Feldman']"
207,8.1,What Ever Happened to Baby Jane?,APPROVED,Drama,134,"[u'Bette Davis', u'Joan Crawford', u'Victor Buono']"
208,8.1,Annie Hall,PG,Comedy,93,"[u'Woody Allen', u'Diane Keaton', u'Tony Roberts']"
209,8.1,The Imitation Game,PG-13,Biography,114,"[u'Benedict Cumberbatch', u'Keira Knightley', u'Matthew Goode']"
210,8.1,Laura,APPROVED,Film-Noir,88,"[u'Gene Tierney', u'Dana Andrews', u'Clifton Webb']"
211,8.1,Departures,PG-13,Drama,130,"[u'Masahiro Motoki', u'Ry\xf4ko Hirosue', u'Tsutomu Yamazaki']"
212,8.1,Infernal Affairs,R,Crime,101,"[u'Andy Lau', u'Tony Chiu Wai Leung', u'Anthony Chau-Sang Wong']"
213,8.1,There Will Be Blood,R,Drama,158,"[u'Daniel Day-Lewis', u'Paul Dano', u'Ciar\xe1n Hinds']"
214,8.1,The Grand Budapest Hotel,R,Adventure,99,"[u'Ralph Fiennes', u'F. Murray Abraham', u'Mathieu Amalric']"
215,8.1,La Strada,NOT RATED,Drama,108,"[u'Anthony Quinn', u'Giulietta Masina', u'Richard Basehart']"
216,8.1,Sin City,R,Crime,124,"[u'Mickey Rourke', u'Clive Owen', u'Bruce Willis']"
217,8.1,Memories of Murder,UNRATED,Crime,132,"[u'Kang-ho Song', u'Sang-kyung Kim', u'Roe-ha Kim']"
218,8.1,Donnie Darko,R,Drama,113,"[u'Jake Gyllenhaal', u'Jena Malone', u'Mary McDonnell']"
219,8.1,Who's Afraid of Virginia Woolf?,TV-MA,Drama,131,"[u'Elizabeth Taylor', u'Richard Burton', u'George Segal']"
220,8.1,Gandhi,PG,Biography,191,"[u'Ben Kingsley', u'John Gielgud', u'Candice Bergen']"
221,8.1,Solaris,PG,Drama,167,"[u'Natalya Bondarchuk', u'Donatas Banionis', u'J\xfcri J\xe4rvet']"
222,8.1,Harry Potter and the Deathly Hallows: Part 2,PG-13,Adventure,130,"[u'Daniel Radcliffe', u'Emma Watson', u'Rupert Grint']"
223,8.1,"Paris, Texas",R,Drama,147,"[u'Harry Dean Stanton', u'Nastassja Kinski', u'Dean Stockwell']"
224,8.1,The Wizard of Oz,PASSED,Adventure,102,"[u'Judy Garland', u'Frank Morgan', u'Ray Bolger']"
225,8.1,3-Iron,R,Crime,88,"[u'Seung-yeon Lee', u'Hyun-kyoon Lee', u'Hyuk-ho Kwon']"
226,8.1,Boyhood,R,Drama,165,"[u'Ellar Coltrane', u'Patricia Arquette', u'Ethan Hawke']"
227,8.1,Million Dollar Baby,PG-13,Drama,132,"[u'Hilary Swank', u'Clint Eastwood', u'Morgan Freeman']"
228,8.1,The Last Picture Show,R,Drama,118,"[u'Timothy Bottoms', u'Jeff Bridges', u'Cybill Shepherd']"
229,8.1,Strangers on a Train,APPROVED,Crime,101,"[u'Farley Granger', u'Robert Walker', u'Ruth Roman']"
230,8.1,Cat on a Hot Tin Roof,APPROVED,Drama,108,"[u'Elizabeth Taylor', u'Paul Newman', u'Burl Ives']"
231,8.1,La Dolce Vita,NOT RATED,Comedy,174,"[u'Marcello Mastroianni', u'Anita Ekberg', u'Anouk Aim\xe9e']"
232,8.1,Chungking Express,PG-13,Drama,98,"[u'Brigitte Lin', u'Takeshi Kaneshiro', u'Tony Chiu Wai Leung']"
233,8.1,The Night of the Hunter,APPROVED,Crime,92,"[u'Robert Mitchum', u'Shelley Winters', u'Lillian Gish']"
234,8.1,La Haine,NOT RATED,Crime,98,"[u'Vincent Cassel', u'Hubert Kound\xe9', u'Sa\xefd Taghmaoui']"
235,8.1,Yip Man,R,Action,106,"[u'Donnie Yen', u'Simon Yam', u'Siu-Wong Fan']"
236,8.1,High Noon,PG,Western,85,"[u'Gary Cooper', u'Grace Kelly', u'Thomas Mitchell']"
237,8.1,Notorious,APPROVED,Drama,101,"[u'Cary Grant', u'Ingrid Bergman', u'Claude Rains']"
238,8.1,Before Sunrise,R,Drama,105,"[u'Ethan Hawke', u'Julie Delpy', u'Andrea Eckert']"
239,8.1,Elite Squad: The Enemy Within,UNRATED,Action,115,"[u'Wagner Moura', u'Irandhir Santos', u'Andr\xe9 Ramiro']"
240,8.1,The Bourne Ultimatum,PG-13,Action,115,"[u'Matt Damon', u'\xc9dgar Ram\xedrez', u'Joan Allen']"
241,8.1,Castle in the Sky,PG,Animation,124,"[u'Anna Paquin', u'James Van Der Beek', u'Cloris Leachman']"
242,8.1,The Celebration,R,Drama,105,"[u'Ulrich Thomsen', u'Henning Moritzen', u'Thomas Bo Larsen']"
243,8.1,"Spring, Summer, Fall, Winter... and Spring",R,Drama,103,"[u'Ki-duk Kim', u'Yeong-su Oh', u'Jong-ho Kim']"
244,8.1,Shutter Island,R,Mystery,138,"[u'Leonardo DiCaprio', u'Emily Mortimer', u'Mark Ruffalo']"
245,8.1,Barry Lyndon,PG,Adventure,184,"[u""Ryan O'Neal"", u'Marisa Berenson', u'Patrick Magee']"
246,8.1,Stalag 17,NOT RATED,Comedy,120,"[u'William Holden', u'Don Taylor', u'Otto Preminger']"
247,8.1,Three Colors: Red,R,Drama,99,"[u'Ir\xe8ne Jacob', u'Jean-Louis Trintignant', u'Fr\xe9d\xe9rique Feder']"
248,8.1,X-Men: Days of Future Past,PG-13,Action,131,"[u'Patrick Stewart', u'Ian McKellen', u'Hugh Jackman']"
249,8.1,Sleuth,PG,Mystery,138,"[u'Laurence Olivier', u'Michael Caine', u'Alec Cawthorne']"
250,8.1,In the Mood for Love,PG,Drama,98,"[u'Tony Chiu Wai Leung', u'Maggie Cheung', u'Ping Lam Siu']"
251,8.1,The Man Who Shot Liberty Valance,APPROVED,Drama,123,"[u'James Stewart', u'John Wayne', u'Vera Miles']"
252,8.1,Arsenic and Old Lace,NOT RATED,Comedy,118,"[u'Cary Grant', u'Priscilla Lane', u'Raymond Massey']"
253,8.1,The Big Sleep,APPROVED,Crime,114,"[u'Humphrey Bogart', u'Lauren Bacall', u'John Ridgely']"
254,8.1,Roman Holiday,NOT RATED,Comedy,118,"[u'Gregory Peck', u'Audrey Hepburn', u'Eddie Albert']"
255,8.1,The Philadelphia Story,NOT RATED,Comedy,112,"[u'Cary Grant', u'Katharine Hepburn', u'James Stewart']"
256,8.1,Akira,R,Animation,124,"[u'Nozomu Sasaki', u'Mami Koyama', u'Mitsuo Iwata']"
257,8.1,Anatomy of a Murder,UNRATED,Crime,160,"[u'James Stewart', u'Lee Remick', u'Ben Gazzara']"
258,8.1,The Cabinet of Dr. Caligari,UNRATED,Crime,67,"[u'Werner Krauss', u'Conrad Veidt', u'Friedrich Feher']"
259,8.1,The Help,PG-13,Drama,146,"[u'Emma Stone', u'Viola Davis', u'Octavia Spencer']"
260,8.1,The Sea Inside,PG-13,Biography,125,"[u'Javier Bardem', u'Bel\xe9n Rueda', u'Lola Due\xf1as']"
261,8.1,Elite Squad,R,Action,115,"[u'Wagner Moura', u'Andr\xe9 Ramiro', u'Caio Junqueira']"
262,8.1,The Hustler,UNRATED,Drama,134,"[u'Paul Newman', u'Jackie Gleason', u'Piper Laurie']"
263,8.1,Rio Bravo,NOT RATED,Western,141,"[u'John Wayne', u'Dean Martin', u'Ricky Nelson']"
264,8.1,Twelve Monkeys,R,Mystery,129,"[u'Bruce Willis', u'Madeleine Stowe', u'Brad Pitt']"
265,8.1,Harvey,NOT RATED,Comedy,104,"[u'James Stewart', u'Josephine Hull', u'Peggy Dow']"
266,8.1,A Christmas Story,PG,Comedy,94,"[u'Peter Billingsley', u'Melinda Dillon', u'Darren McGavin']"
267,8.1,Jaws,PG,Drama,124,"[u'Roy Scheider', u'Robert Shaw', u'Richard Dreyfuss']"
268,8.1,The Raid 2,R,Action,150,"[u'Iko Uwais', u'Yayan Ruhian', u'Arifin Putra']"
269,8.1,Rocky,PG,Drama,119,"[u'Sylvester Stallone', u'Talia Shire', u'Burt Young']"
270,8.1,Wings of Desire,PG-13,Drama,128,"[u'Bruno Ganz', u'Solveig Dommartin', u'Otto Sander']"
271,8.1,Pirates of the Caribbean: The Curse of the Black Pearl,PG-13,Adventure,143,"[u'Johnny Depp', u'Geoffrey Rush', u'Orlando Bloom']"
272,8.1,The Killing,APPROVED,Crime,85,"[u'Sterling Hayden', u'Coleen Gray', u'Vince Edwards']"
273,8.1,Papillon,R,Biography,151,"[u'Steve McQueen', u'Dustin Hoffman', u'Victor Jory']"
274,8.1,The King's Speech,R,Biography,118,"[u'Colin Firth', u'Geoffrey Rush', u'Helena Bonham Carter']"
275,8.1,Groundhog Day,PG,Comedy,101,"[u'Bill Murray', u'Andie MacDowell', u'Chris Elliott']"
276,8.1,A Fistful of Dollars,R,Action,99,"[u'Clint Eastwood', u'Gian Maria Volont\xe9', u'Marianne Koch']"
277,8.1,"Monsters, Inc.",G,Animation,92,"[u'Billy Crystal', u'John Goodman', u'Mary Gibbs']"
278,8.1,Dog Day Afternoon,R,Crime,125,"[u'Al Pacino', u'John Cazale', u'Penelope Allen']"
279,8.1,The Perks of Being a Wallflower,PG-13,Drama,102,"[u'Logan Lerman', u'Emma Watson', u'Ezra Miller']"
280,8.1,Young Frankenstein,PG,Comedy,106,"[u'Gene Wilder', u'Madeline Kahn', u'Marty Feldman']"
281,8.1,The Terminator,R,Action,107,"[u'Arnold Schwarzenegger', u'Linda Hamilton', u'Michael Biehn']"
282,8.1,Harold and Maude,GP,Comedy,91,"[u'Ruth Gordon', u'Bud Cort', u'Vivian Pickles']"
283,8.1,Before Sunset,R,Drama,80,"[u'Ethan Hawke', u'Julie Delpy', u'Vernon Dobtcheff']"
284,8.1,A Streetcar Named Desire,PG,Drama,122,"[u'Vivien Leigh', u'Marlon Brando', u'Kim Hunter']"
285,8.1,Bringing Up Baby,APPROVED,Comedy,102,"[u'Katharine Hepburn', u'Cary Grant', u'Charles Ruggles']"
286,8.1,The Diving Bell and the Butterfly,PG-13,Biography,112,"[u'Mathieu Amalric', u'Emmanuelle Seigner', u'Marie-Jos\xe9e Croze']"
287,8.1,His Girl Friday,APPROVED,Comedy,92,"[u'Cary Grant', u'Rosalind Russell', u'Ralph Bellamy']"
288,8.1,Sling Blade,R,Drama,135,"[u'Billy Bob Thornton', u'Dwight Yoakam', u'J.T. Walsh']"
289,8.1,All Quiet on the Western Front,UNRATED,Drama,136,"[u'Lew Ayres', u'Louis Wolheim', u'John Wray']"
290,8.1,Prisoners,R,Crime,153,"[u'Hugh Jackman', u'Jake Gyllenhaal', u'Viola Davis']"
291,8.1,The Return,UNRATED,Drama,105,"[u'Vladimir Garin', u'Ivan Dobronravov', u'Konstantin Lavronenko']"
292,8.1,The Manchurian Candidate,APPROVED,Mystery,126,"[u'Frank Sinatra', u'Laurence Harvey', u'Janet Leigh']"
293,8.1,Duck Soup,PASSED,Comedy,68,"[u'Groucho Marx', u'Harpo Marx', u'Chico Marx']"
294,8.1,Beauty and the Beast,G,Animation,84,"[u""Paige O'Hara"", u'Robby Benson', u'Richard White']"
295,8.1,The Truman Show,PG,Drama,103,"[u'Jim Carrey', u'Ed Harris', u'Laura Linney']"
296,8.1,The Wild Bunch,R,Action,145,"[u'William Holden', u'Ernest Borgnine', u'Robert Ryan']"
297,8.0,Rope,PG,Crime,80,"[u'James Stewart', u'John Dall', u'Farley Granger']"
298,8.0,The Graduate,APPROVED,Comedy,106,"[u'Dustin Hoffman', u'Anne Bancroft', u'Katharine Ross']"
299,8.0,Jurassic Park,PG-13,Adventure,127,"[u'Sam Neill', u'Laura Dern', u'Jeff Goldblum']"
300,8.0,Dogville,R,Crime,178,"[u'Nicole Kidman', u'Paul Bettany', u'Lauren Bacall']"
301,8.0,Furious 7,PG-13,Action,137,"[u'Vin Diesel', u'Paul Walker', u'Dwayne Johnson']"
302,8.0,Patton,GP,Biography,172,"[u'George C. Scott', u'Karl Malden', u'Stephen Young']"
303,8.0,The Nightmare Before Christmas,PG,Animation,76,"[u'Danny Elfman', u'Chris Sarandon', u""Catherine O'Hara""]"
304,8.0,Being There,PG,Comedy,130,"[u'Peter Sellers', u'Shirley MacLaine', u'Melvyn Douglas']"
305,8.0,Persepolis,PG-13,Animation,96,"[u'Chiara Mastroianni', u'Catherine Deneuve', u'Gena Rowlands']"
306,8.0,This Is Spinal Tap,R,Comedy,82,"[u'Rob Reiner', u'Michael McKean', u'Christopher Guest']"
307,8.0,East of Eden,PG,Drama,115,"[u'James Dean', u'Raymond Massey', u'Julie Harris']"
308,8.0,Pink Floyd The Wall,R,Animation,95,"[u'Bob Geldof', u'Christine Hargreaves', u'James Laurenson']"
309,8.0,Blood Diamond,R,Adventure,143,"[u'Leonardo DiCaprio', u'Djimon Hounsou', u'Jennifer Connelly']"
310,8.0,Big Fish,PG-13,Adventure,125,"[u'Ewan McGregor', u'Albert Finney', u'Billy Crudup']"
311,8.0,Slumdog Millionaire,R,Drama,120,"[u'Dev Patel', u'Freida Pinto', u'Saurabh Shukla']"
312,8.0,Star Trek,PG-13,Action,127,"[u'Chris Pine', u'Zachary Quinto', u'Simon Pegg']"
313,8.0,The Straight Story,G,Biography,112,"[u'Richard Farnsworth', u'Sissy Spacek', u'Jane Galloway Heitz']"
314,8.0,Crimes and Misdemeanors,PG-13,Comedy,104,"[u'Martin Landau', u'Woody Allen', u'Bill Bernstein']"
315,8.0,Charade,NOT RATED,Comedy,113,"[u'Cary Grant', u'Audrey Hepburn', u'Walter Matthau']"
316,8.0,JFK,R,Drama,189,"[u'Kevin Costner', u'Gary Oldman', u'Jack Lemmon']"
317,8.0,Dawn of the Dead,UNRATED,Horror,127,"[u'David Emge', u'Ken Foree', u'Scott H. Reiniger']"
318,8.0,Magnolia,R,Drama,188,"[u'Tom Cruise', u'Jason Robards', u'Julianne Moore']"
319,8.0,Manhattan,R,Comedy,96,"[u'Woody Allen', u'Diane Keaton', u'Mariel Hemingway']"
320,8.0,Central Station,R,Drama,113,"[u'Fernanda Montenegro', u'Vin\xedcius de Oliveira', u'Mar\xedlia P\xeara']"
321,8.0,Brazil,R,Sci-Fi,132,"[u'Jonathan Pryce', u'Kim Greist', u'Robert De Niro']"
322,8.0,The Exorcist,R,Horror,122,"[u'Ellen Burstyn', u'Max von Sydow', u'Linda Blair']"
323,8.0,Her,R,Drama,126,"[u'Joaquin Phoenix', u'Amy Adams', u'Scarlett Johansson']"
324,8.0,Dancer in the Dark,R,Crime,140,"[u'Bj\xf6rk', u'Catherine Deneuve', u'David Morse']"
325,8.0,Rain Man,R,Drama,133,"[u'Dustin Hoffman', u'Tom Cruise', u'Valeria Golino']"
326,8.0,Talk to Her,R,Drama,112,"[u'Rosario Flores', u'Javier C\xe1mara', u'Dar\xedo Grandinetti']"
327,8.0,The Adventures of Robin Hood,PG,Action,102,"[u'Errol Flynn', u'Olivia de Havilland', u'Basil Rathbone']"
328,8.0,"Aguirre, the Wrath of God",NOT RATED,Adventure,93,"[u'Klaus Kinski', u'Ruy Guerra', u'Helena Rojo']"
329,8.0,In the Heat of the Night,APPROVED,Crime,109,"[u'Sidney Poitier', u'Rod Steiger', u'Warren Oates']"
330,8.0,Nosferatu,UNRATED,Horror,81,"[u'Max Schreck', u'Greta Schr\xf6der', u'Ruth Landshoff']"
331,8.0,Black Swan,R,Drama,108,"[u'Natalie Portman', u'Mila Kunis', u'Vincent Cassel']"
332,8.0,Ratatouille,G,Animation,111,"[u'Brad Garrett', u'Lou Romano', u'Patton Oswalt']"
333,8.0,The Searchers,APPROVED,Adventure,119,"[u'John Wayne', u'Jeffrey Hunter', u'Vera Miles']"
334,8.0,Short Term 12,R,Drama,96,"[u'Brie Larson', u'Frantz Turner', u'John Gallagher Jr.']"
335,8.0,Doctor Zhivago,PG-13,Drama,197,"[u'Omar Sharif', u'Julie Christie', u'Geraldine Chaplin']"
336,8.0,Life of Pi,PG,Adventure,127,"[u'Suraj Sharma', u'Irrfan Khan', u'Adil Hussain']"
337,8.0,All the President's Men,R,Drama,138,"[u'Dustin Hoffman', u'Robert Redford', u'Jack Warden']"
338,8.0,Battleship Potemkin,UNRATED,History,66,"[u'Aleksandr Antonov', u'Vladimir Barsky', u'Grigori Aleksandrov']"
339,8.0,Dances with Wolves,PG-13,Adventure,181,"[u'Kevin Costner', u'Mary McDonnell', u'Graham Greene']"
340,8.0,Catch Me If You Can,PG-13,Biography,141,"[u'Leonardo DiCaprio', u'Tom Hanks', u'Christopher Walken']"
341,8.0,Cinderella Man,PG-13,Biography,144,"[u'Russell Crowe', u'Ren\xe9e Zellweger', u'Craig Bierko']"
342,8.0,Dead Poets Society,PG,Drama,128,"[u'Robin Williams', u'Robert Sean Leonard', u'Ethan Hawke']"
343,8.0,Ghost in the Shell,NOT RATED,Animation,83,"[u'Atsuko Tanaka', u'Iemasa Kayumi', u'Akio \xd4tsuka']"
344,8.0,Head-On,R,Drama,121,"[u'Birol \xdcnel', u'Sibel Kekilli', u'G\xfcven Kira\xe7']"
345,8.0,No Man's Land,R,Drama,98,"[u'Branko Djuric', u'Rene Bitorajac', u'Filip Sovagovic']"
346,8.0,Dallas Buyers Club,R,Biography,117,"[u'Matthew McConaughey', u'Jennifer Garner', u'Jared Leto']"
347,8.0,Days of Heaven,PG,Drama,94,"[u'Richard Gere', u'Brooke Adams', u'Sam Shepard']"
348,8.0,The Sound of Music,G,Biography,174,"[u'Julie Andrews', u'Christopher Plummer', u'Eleanor Parker']"
349,8.0,District 9,R,Action,112,"[u'Sharlto Copley', u'David James', u'Jason Cope']"
350,8.0,Shadow of a Doubt,APPROVED,Thriller,108,"[u'Teresa Wright', u'Joseph Cotten', u'Macdonald Carey']"
351,8.0,Frankenstein,UNRATED,Horror,70,"[u'Colin Clive', u'Mae Clarke', u'Boris Karloff']"
352,8.0,Shaun of the Dead,R,Comedy,99,"[u'Simon Pegg', u'Nick Frost', u'Kate Ashfield']"
353,8.0,Night of the Living Dead,UNRATED,Horror,96,"[u'Duane Jones', u""Judith O'Dea"", u'Karl Hardman']"
354,8.0,Kill Bill: Vol. 2,R,Action,137,"[u'Uma Thurman', u'David Carradine', u'Michael Madsen']"
355,8.0,Secrets & Lies,R,Drama,136,"[u'Timothy Spall', u'Brenda Blethyn', u'Phyllis Logan']"
356,8.0,The Artist,PG-13,Comedy,100,"[u'Jean Dujardin', u'B\xe9r\xe9nice Bejo', u'John Goodman']"
357,8.0,Aladdin,G,Animation,90,"[u'Scott Weinger', u'Robin Williams', u'Linda Larkin']"
358,8.0,The Lady Vanishes,PASSED,Comedy,96,"[u'Margaret Lockwood', u'Michael Redgrave', u'Paul Lukas']"
359,8.0,The Hobbit: The Desolation of Smaug,PG-13,Adventure,161,"[u'Ian McKellen', u'Martin Freeman', u'Richard Armitage']"
360,8.0,Let the Right One In,R,Drama,115,"[u'K\xe5re Hedebrant', u'Lina Leandersson', u'Per Ragnar']"
361,8.0,Fiddler on the Roof,G,Drama,181,"[u'Topol', u'Norma Crane', u'Leonard Frey']"
362,8.0,The Hobbit: An Unexpected Journey,PG-13,Adventure,169,"[u'Martin Freeman', u'Ian McKellen', u'Richard Armitage']"
363,8.0,Three Colors: Blue,R,Drama,98,"[u'Juliette Binoche', u'Zbigniew Zamachowski', u'Julie Delpy']"
364,8.0,Rosemary's Baby,R,Drama,136,"[u'Mia Farrow', u'John Cassavetes', u'Ruth Gordon']"
365,8.0,Mystic River,R,Crime,138,"[u'Sean Penn', u'Tim Robbins', u'Kevin Bacon']"
366,8.0,Serenity,PG-13,Action,119,"[u'Nathan Fillion', u'Gina Torres', u'Chiwetel Ejiofor']"
367,8.0,Amarcord,R,Comedy,123,"[u'Magali No\xebl', u'Bruno Zanin', u'Pupella Maggio']"
368,8.0,Planet of the Apes,G,Adventure,112,"[u'Charlton Heston', u'Roddy McDowall', u'Kim Hunter']"
369,8.0,True Romance,R,Crime,120,"[u'Christian Slater', u'Patricia Arquette', u'Dennis Hopper']"
370,8.0,Hannah and Her Sisters,PG-13,Comedy,103,"[u'Mia Farrow', u'Dianne Wiest', u'Michael Caine']"
371,8.0,Moon,R,Drama,97,"[u'Sam Rockwell', u'Kevin Spacey', u'Dominique McElligott']"
372,8.0,Before Midnight,R,Drama,109,"[u'Ethan Hawke', u'Julie Delpy', u'Seamus Davey-Fitzpatrick']"
373,8.0,My Name Is Khan,PG-13,Drama,165,"[u'Shah Rukh Khan', u'Kajol', u'Sheetal Menon']"
374,8.0,Scent of a Woman,R,Drama,156,"[u'Al Pacino', u""Chris O'Donnell"", u'James Rebhorn']"
375,8.0,Mulholland Dr.,R,Drama,147,"[u'Naomi Watts', u'Laura Harring', u'Justin Theroux']"
376,8.0,King Kong,UNRATED,Adventure,100,"[u'Fay Wray', u'Robert Armstrong', u'Bruce Cabot']"
377,8.0,The Fault in Our Stars,PG-13,Drama,126,"[u'Shailene Woodley', u'Ansel Elgort', u'Nat Wolff']"
378,8.0,The Incredibles,PG,Animation,115,"[u'Craig T. Nelson', u'Samuel L. Jackson', u'Holly Hunter']"
379,8.0,Edward Scissorhands,PG-13,Drama,105,"[u'Johnny Depp', u'Winona Ryder', u'Dianne Wiest']"
380,8.0,Casino Royale,PG-13,Action,144,"[u'Daniel Craig', u'Eva Green', u'Judi Dench']"
381,8.0,How to Train Your Dragon 2,PG,Animation,102,"[u'Jay Baruchel', u'Cate Blanchett', u'Gerard Butler']"
382,8.0,In Bruges,R,Comedy,107,"[u'Colin Farrell', u'Brendan Gleeson', u'Ciar\xe1n Hinds']"
383,8.0,The Untouchables,R,Crime,119,"[u'Kevin Costner', u'Sean Connery', u'Robert De Niro']"
384,8.0,Breathless,UNRATED,Crime,90,"[u'Jean-Paul Belmondo', u'Jean Seberg', u'Daniel Boulanger']"
385,8.0,Spartacus,PG-13,Action,197,"[u'Kirk Douglas', u'Laurence Olivier', u'Jean Simmons']"
386,8.0,The Iron Giant,PG,Animation,86,"[u'Eli Marienthal', u'Harry Connick Jr.', u'Jennifer Aniston']"
387,8.0,Midnight Cowboy,X,Drama,113,"[u'Dustin Hoffman', u'Jon Voight', u'Sylvia Miles']"
388,8.0,The Blues Brothers,R,Action,133,"[u'John Belushi', u'Dan Aykroyd', u'Cab Calloway']"
389,8.0,Freaks,UNRATED,Drama,64,"[u'Wallace Ford', u'Leila Hyams', u'Olga Baclanova']"
390,8.0,Letters from Iwo Jima,R,Drama,141,"[u'Ken Watanabe', u'Kazunari Ninomiya', u'Tsuyoshi Ihara']"
391,8.0,Edge of Tomorrow,PG-13,Action,113,"[u'Tom Cruise', u'Emily Blunt', u'Bill Paxton']"
392,8.0,Glory,R,Drama,122,"[u'Matthew Broderick', u'Denzel Washington', u'Cary Elwes']"
393,8.0,The African Queen,PG,Adventure,105,"[u'Humphrey Bogart', u'Katharine Hepburn', u'Robert Morley']"
394,7.9,Birdman: Or (The Unexpected Virtue of Ignorance),R,Comedy,119,"[u'Michael Keaton', u'Zach Galifianakis', u'Edward Norton']"
395,7.9,Big Hero 6,PG,Animation,102,"[u'Ryan Potter', u'Scott Adsit', u'Jamie Chung']"
396,7.9,Almost Famous,R,Drama,122,"[u'Billy Crudup', u'Patrick Fugit', u'Kate Hudson']"
397,7.9,The Notebook,PG-13,Drama,123,"[u'Gena Rowlands', u'James Garner', u'Rachel McAdams']"
398,7.9,The Conversation,PG,Drama,113,"[u'Gene Hackman', u'John Cazale', u'Allen Garfield']"
399,7.9,The Breakfast Club,R,Comedy,97,"[u'Emilio Estevez', u'Judd Nelson', u'Molly Ringwald']"
400,7.9,The Pursuit of Happyness,PG-13,Biography,117,"[u'Will Smith', u'Thandie Newton', u'Jaden Smith']"
401,7.9,The Killer,R,Action,111,"[u'Yun-Fat Chow', u'Danny Lee', u'Sally Yeh']"
402,7.9,Once,R,Drama,85,"[u'Glen Hansard', u'Mark\xe9ta Irglov\xe1', u'Hugh Walsh']"
403,7.9,Ying xiong,PG-13,Action,99,"[u'Jet Li', u'Tony Chiu Wai Leung', u'Maggie Cheung']"
404,7.9,The Remains of the Day,PG,Drama,134,"[u'Anthony Hopkins', u'Emma Thompson', u'John Haycraft']"
405,7.9,The Bride of Frankenstein,NOT RATED,Horror,75,"[u'Boris Karloff', u'Elsa Lanchester', u'Colin Clive']"
406,7.9,The Wrestler,R,Drama,109,"[u'Mickey Rourke', u'Marisa Tomei', u'Evan Rachel Wood']"
407,7.9,Nightcrawler,R,Crime,117,"[u'Jake Gyllenhaal', u'Rene Russo', u'Bill Paxton']"
408,7.9,Gravity,PG-13,Sci-Fi,91,"[u'Sandra Bullock', u'George Clooney', u'Ed Harris']"
409,7.9,Hard Boiled,R,Action,128,"[u'Yun-Fat Chow', u'Tony Chiu Wai Leung', u'Teresa Mo']"
410,7.9,Bonnie and Clyde,APPROVED,Biography,111,"[u'Warren Beatty', u'Faye Dunaway', u'Michael J. Pollard']"
411,7.9,The Bourne Identity,PG-13,Action,119,"[u'Franka Potente', u'Matt Damon', u'Chris Cooper']"
412,7.9,Key Largo,UNRATED,Crime,100,"[u'Humphrey Bogart', u'Edward G. Robinson', u'Lauren Bacall']"
413,7.9,Nine Queens,R,Crime,114,"[u'Ricardo Dar\xedn', u'Gast\xf3n Pauls', u'Leticia Br\xe9dice']"
414,7.9,Toy Story 2,G,Animation,92,"[u'Tom Hanks', u'Tim Allen', u'Joan Cusack']"
415,7.9,The Killing Fields,R,Drama,141,"[u'Sam Waterston', u'Haing S. Ngor', u'John Malkovich']"
416,7.9,All About My Mother,R,Drama,101,"[u'Cecilia Roth', u'Marisa Paredes', u'Candela Pe\xf1a']"
417,7.9,Cowboy Bebop: The Movie,R,Animation,115,"[u'Beau Billingslea', u'Melissa Fahn', u'Nicholas Guest']"
418,7.9,Ed Wood,R,Biography,127,"[u'Johnny Depp', u'Martin Landau', u'Sarah Jessica Parker']"
419,7.9,Stagecoach,NOT RATED,Adventure,96,"[u'John Wayne', u'Claire Trevor', u'Andy Devine']"
420,7.9,The Man Who Would Be King,PG,Action,129,"[u'Sean Connery', u'Michael Caine', u'Christopher Plummer']"
421,7.9,The Outlaw Josey Wales,PG,Western,135,"[u'Clint Eastwood', u'Sondra Locke', u'Chief Dan George']"
422,7.9,Children of Men,R,Drama,109,"[u'Julianne Moore', u'Clive Owen', u'Chiwetel Ejiofor']"
423,7.9,The Insider,R,Biography,157,"[u'Russell Crowe', u'Al Pacino', u'Christopher Plummer']"
424,7.9,The Right Stuff,R,Adventure,193,"[u'Sam Shepard', u'Scott Glenn', u'Ed Harris']"
425,7.9,Badlands,PG,Crime,94,"[u'Martin Sheen', u'Sissy Spacek', u'Warren Oates']"
426,7.9,A Prophet,R,Crime,155,"[u'Tahar Rahim', u'Niels Arestrup', u'Adel Bencherif']"
427,7.9,"4 Months, 3 Weeks and 2 Days",NOT RATED,Drama,113,"[u'Anamaria Marinca', u'Vlad Ivanov', u'Laura Vasiliu']"
428,7.9,Le passe,PG-13,Drama,130,"[u'B\xe9r\xe9nice Bejo', u'Tahar Rahim', u'Ali Mosaffa']"
429,7.9,The Fall,R,Adventure,117,"[u'Lee Pace', u'Catinca Untaru', u'Justine Waddell']"
430,7.9,Breaking the Waves,R,Drama,159,"[u'Emily Watson', u'Stellan Skarsg\xe5rd', u'Katrin Cartlidge']"
431,7.9,Mr. Nobody,R,Drama,141,"[u'Jared Leto', u'Sarah Polley', u'Diane Kruger']"
432,7.9,Crash,R,Drama,112,"[u'Don Cheadle', u'Sandra Bullock', u'Thandie Newton']"
433,7.9,Avatar,PG-13,Action,162,"[u'Sam Worthington', u'Zoe Saldana', u'Sigourney Weaver']"
434,7.9,Iron Man,PG-13,Action,126,"[u'Robert Downey Jr.', u'Gwyneth Paltrow', u'Terrence Howard']"
435,7.9,Do the Right Thing,R,Comedy,120,"[u'Danny Aiello', u'Ossie Davis', u'Ruby Dee']"
436,7.9,Carlito's Way,R,Crime,144,"[u'Al Pacino', u'Sean Penn', u'Penelope Ann Miller']"
437,7.9,"Crouching Tiger, Hidden Dragon",PG-13,Action,120,"[u'Yun-Fat Chow', u'Michelle Yeoh', u'Ziyi Zhang']"
438,7.9,Lilya 4-Ever,R,Crime,109,"[u'Oksana Akinshina', u'Artyom Bogucharskiy', u'Pavel Ponomaryov']"
439,7.9,The Chorus,PG-13,Drama,97,"[u'G\xe9rard Jugnot', u'Fran\xe7ois Berl\xe9and', u'Jean-Baptiste Maunier']"
440,7.9,The Boondock Saints,R,Action,108,"[u'Willem Dafoe', u'Sean Patrick Flanery', u'Norman Reedus']"
441,7.9,Miller's Crossing,R,Crime,115,"[u'Gabriel Byrne', u'Albert Finney', u'John Turturro']"
442,7.9,Walk the Line,PG-13,Biography,136,"[u'Joaquin Phoenix', u'Reese Witherspoon', u'Ginnifer Goodwin']"
443,7.9,Shrek,PG,Animation,90,"[u'Mike Myers', u'Eddie Murphy', u'Cameron Diaz']"
444,7.9,My Fair Lady,APPROVED,Drama,170,"[u'Audrey Hepburn', u'Rex Harrison', u'Stanley Holloway']"
445,7.9,The Ten Commandments,APPROVED,Adventure,220,"[u'Charlton Heston', u'Yul Brynner', u'Anne Baxter']"
446,7.9,The Fighter,R,Biography,116,"[u'Mark Wahlberg', u'Christian Bale', u'Amy Adams']"
447,7.9,Captain Phillips,PG-13,Biography,134,"[u'Tom Hanks', u'Barkhad Abdi', u'Barkhad Abdirahman']"
448,7.9,Cabaret,PG,Drama,124,"[u'Liza Minnelli', u'Michael York', u'Helmut Griem']"
449,7.9,Halloween,R,Drama,91,"[u'Donald Pleasence', u'Jamie Lee Curtis', u'Tony Moran']"
450,7.9,My Left Foot,R,Biography,103,"[u'Daniel Day-Lewis', u'Brenda Fricker', u'Alison Whelan']"
451,7.9,Miracle on 34th Street,APPROVED,Comedy,96,"[u'Edmund Gwenn', u""Maureen O'Hara"", u'John Payne']"
452,7.9,The Man from Nowhere,R,Action,119,"[u'Bin Won', u'Sae-ron Kim', u'Tae-hoon Kim']"
453,7.9,Toki o kakeru shojo,NOT RATED,Animation,98,"[u'Riisa Naka', u'Takuya Ishida', u'Mitsutaka Itakura']"
454,7.9,Little Miss Sunshine,R,Adventure,101,"[u'Steve Carell', u'Toni Collette', u'Greg Kinnear']"
455,7.9,Taken,PG-13,Action,93,"[u'Liam Neeson', u'Maggie Grace', u'Famke Janssen']"
456,7.9,Blue Is the Warmest Color,NC-17,Drama,179,"[u'L\xe9a Seydoux', u'Ad\xe8le Exarchopoulos', u'Salim Kechiouche']"
457,7.9,Boogie Nights,R,Drama,155,"[u'Mark Wahlberg', u'Julianne Moore', u'Burt Reynolds']"
458,7.9,Hot Fuzz,R,Comedy,121,"[u'Simon Pegg', u'Nick Frost', u'Martin Freeman']"
459,7.9,Ferris Bueller's Day Off,PG-13,Comedy,103,"[u'Matthew Broderick', u'Alan Ruck', u'Mia Sara']"
460,7.9,The World's Fastest Indian,PG-13,Biography,127,"[u'Anthony Hopkins', u'Diane Ladd', u'Iain Rea']"
461,7.9,Kiki's Delivery Service,G,Animation,103,"[u'Kirsten Dunst', u'Minami Takayama', u'Rei Sakuma']"
462,7.9,Down by Law,R,Comedy,107,"[u'Tom Waits', u'John Lurie', u'Roberto Benigni']"
463,7.9,Glengarry Glen Ross,R,Drama,100,"[u'Al Pacino', u'Jack Lemmon', u'Alec Baldwin']"
464,7.9,Clerks,R,Comedy,92,"[u""Brian O'Halloran"", u'Jeff Anderson', u'Marilyn Ghigliotti']"
465,7.9,Adam's Apples,R,Comedy,94,"[u'Ulrich Thomsen', u'Mads Mikkelsen', u'Nicolas Bro']"
466,7.9,The Girl with the Dragon Tattoo,R,Crime,158,"[u'Daniel Craig', u'Rooney Mara', u'Christopher Plummer']"
467,7.9,The 39 Steps,UNRATED,Mystery,86,"[u'Robert Donat', u'Madeleine Carroll', u'Lucie Mannheim']"
468,7.9,E.T. the Extra-Terrestrial,PG,Family,115,"[u'Henry Thomas', u'Drew Barrymore', u'Peter Coyote']"
469,7.8,Tombstone,R,Action,130,"[u'Kurt Russell', u'Val Kilmer', u'Sam Elliott']"
470,7.8,Predator,R,Action,107,"[u'Arnold Schwarzenegger', u'Carl Weathers', u'Kevin Peter Hall']"
471,7.8,Tangled,PG,Animation,100,"[u'Mandy Moore', u'Zachary Levi', u'Donna Murphy']"
472,7.8,Guess Who's Coming to Dinner,UNRATED,Comedy,108,"[u'Spencer Tracy', u'Sidney Poitier', u'Katharine Hepburn']"
473,7.8,Ordinary People,R,Drama,124,"[u'Donald Sutherland', u'Mary Tyler Moore', u'Judd Hirsch']"
474,7.8,The Best Offer,R,Crime,131,"[u'Geoffrey Rush', u'Jim Sturgess', u'Sylvia Hoeks']"
475,7.8,Silver Linings Playbook,R,Comedy,122,"[u'Bradley Cooper', u'Jennifer Lawrence', u'Robert De Niro']"
476,7.8,Hamlet,PG-13,Drama,242,"[u'Kenneth Branagh', u'Julie Christie', u'Derek Jacobi']"
477,7.8,Amour,PG-13,Drama,127,"[u'Jean-Louis Trintignant', u'Emmanuelle Riva', u'Isabelle Huppert']"
478,7.8,I Saw the Devil,NOT RATED,Crime,141,"[u'Byung-hun Lee', u'Min-sik Choi', u'In-seo Kim']"
479,7.8,The Motorcycle Diaries,R,Adventure,126,"[u'Gael Garc\xeda Bernal', u'Rodrigo De la Serna', u'M\xeda Maestro']"
480,7.8,Office Space,R,Comedy,89,"[u'Ron Livingston', u'Jennifer Aniston', u'David Herman']"
481,7.8,Evil,NOT RATED,Drama,113,"[u'Andreas Wilson', u'Henrik Lundstr\xf6m', u'Gustaf Skarsg\xe5rd']"
482,7.8,The Girl with the Dragon Tattoo,R,Crime,152,"[u'Michael Nyqvist', u'Noomi Rapace', u'Ewa Fr\xf6ling']"
483,7.8,Withnail & I,R,Comedy,107,"[u'Richard E. Grant', u'Paul McGann', u'Richard Griffiths']"
484,7.8,The Day the Earth Stood Still,APPROVED,Sci-Fi,92,"[u'Michael Rennie', u'Patricia Neal', u'Hugh Marlowe']"
485,7.8,Black Book,R,Drama,145,"[u'Carice van Houten', u'Sebastian Koch', u'Thom Hoffman']"
486,7.8,Evil Dead II,X,Comedy,84,"[u'Bruce Campbell', u'Sarah Berry', u'Dan Hicks']"
487,7.8,Kaze tachinu,PG-13,Animation,126,"[u'Hideaki Anno', u'Hidetoshi Nishijima', u'Miori Takimoto']"
488,7.8,Star Trek Into Darkness,PG-13,Action,132,"[u'Chris Pine', u'Zachary Quinto', u'Zoe Saldana']"
489,7.8,The Triplets of Belleville,PG-13,Animation,78,"[u'Mich\xe8le Caucheteux', u'Jean-Claude Donda', u'Michel Robin']"
490,7.8,Open Your Eyes,R,Drama,117,"[u'Eduardo Noriega', u'Pen\xe9lope Cruz', u'Chete Lera']"
491,7.8,The Magnificent Seven,NOT RATED,Action,128,"[u'Yul Brynner', u'Steve McQueen', u'Charles Bronson']"
492,7.8,Drive,R,Crime,100,"[u'Ryan Gosling', u'Carey Mulligan', u'Bryan Cranston']"
493,7.8,Mississippi Burning,R,Crime,128,"[u'Gene Hackman', u'Willem Dafoe', u'Frances McDormand']"
494,7.8,The Lego Movie,PG,Animation,100,"[u'Chris Pratt', u'Will Ferrell', u'Elizabeth Banks']"
495,7.8,The Day of the Jackal,PG,Crime,143,"[u'Edward Fox', u'Terence Alexander', u'Michel Auclair']"
496,7.8,Misery,R,Thriller,107,"[u'James Caan', u'Kathy Bates', u'Richard Farnsworth']"
497,7.8,Willy Wonka & the Chocolate Factory,G,Family,100,"[u'Gene Wilder', u'Jack Albertson', u'Peter Ostrum']"
498,7.8,Fantasia,G,Animation,125,"[u'Leopold Stokowski', u'Deems Taylor', u'Corey Burton']"
499,7.8,Gattaca,PG-13,Drama,106,"[u'Ethan Hawke', u'Uma Thurman', u'Jude Law']"
500,7.8,American Gangster,R,Biography,157,"[u'Denzel Washington', u'Russell Crowe', u'Chiwetel Ejiofor']"
501,7.8,Porco Rosso,PG,Animation,94,"[u'Sh\xfbichir\xf4 Moriyama', u'Tokiko Kat\xf4', u'Sanshi Katsura']"
502,7.8,The French Connection,R,Action,104,"[u'Gene Hackman', u'Roy Scheider', u'Fernando Rey']"
503,7.8,The Boy in the Striped Pajamas,PG-13,Drama,94,"[u'Asa Butterfield', u'David Thewlis', u'Rupert Friend']"
504,7.8,Empire of the Sun,PG,Drama,153,"[u'Christian Bale', u'John Malkovich', u'Miranda Richardson']"
505,7.8,About Time,R,Drama,123,"[u'Domhnall Gleeson', u'Rachel McAdams', u'Bill Nighy']"
506,7.8,Blue Velvet,R,Crime,120,"[u'Isabella Rossellini', u'Kyle MacLachlan', u'Dennis Hopper']"
507,7.8,In America,PG-13,Drama,105,"[u'Paddy Considine', u'Samantha Morton', u'Djimon Hounsou']"
508,7.8,The Curious Case of Benjamin Button,PG-13,Drama,166,"[u'Brad Pitt', u'Cate Blanchett', u'Tilda Swinton']"
509,7.8,The Last of the Mohicans,R,Action,112,"[u'Daniel Day-Lewis', u'Madeleine Stowe', u'Russell Means']"
510,7.8,Moonrise Kingdom,PG-13,Adventure,94,"[u'Jared Gilman', u'Kara Hayward', u'Bruce Willis']"
511,7.8,Rebel Without a Cause,PG-13,Drama,111,"[u'James Dean', u'Natalie Wood', u'Sal Mineo']"
512,7.8,Fantastic Mr. Fox,PG,Animation,87,"[u'George Clooney', u'Meryl Streep', u'Bill Murray']"
513,7.8,Invasion of the Body Snatchers,APPROVED,Horror,80,"[u'Kevin McCarthy', u'Dana Wynter', u'Larry Gates']"
514,7.8,October Sky,PG,Biography,108,"[u'Jake Gyllenhaal', u'Chris Cooper', u'Laura Dern']"
515,7.8,Dirty Harry,R,Action,102,"[u'Clint Eastwood', u'Andrew Robinson', u'Harry Guardino']"
516,7.8,Ghostbusters,PG,Comedy,105,"[u'Bill Murray', u'Dan Aykroyd', u'Sigourney Weaver']"
517,7.8,Captain America: The Winter Soldier,PG-13,Action,136,"[u'Chris Evans', u'Samuel L. Jackson', u'Scarlett Johansson']"
518,7.8,Wreck-It Ralph,PG,Animation,101,"[u'John C. Reilly', u'Jack McBrayer', u'Jane Lynch']"
519,7.8,The Hangover,R,Comedy,100,"[u'Zach Galifianakis', u'Bradley Cooper', u'Justin Bartha']"
520,7.8,Back to the Future Part II,PG,Adventure,108,"[u'Michael J. Fox', u'Christopher Lloyd', u'Lea Thompson']"
521,7.8,Belle de Jour,APPROVED,Drama,101,"[u'Catherine Deneuve', u'Jean Sorel', u'Michel Piccoli']"
522,7.8,"O Brother, Where Art Thou?",PG-13,Adventure,106,"[u'George Clooney', u'John Turturro', u'Tim Blake Nelson']"
523,7.8,Repulsion,UNRATED,Drama,105,"[u'Catherine Deneuve', u'Ian Hendry', u'John Fraser']"
524,7.8,Airplane!,PG,Comedy,88,"[u'Robert Hays', u'Julie Hagerty', u'Leslie Nielsen']"
525,7.8,Pride & Prejudice,PG,Drama,129,"[u'Keira Knightley', u'Matthew Macfadyen', u'Brenda Blethyn']"
526,7.8,Zulu,UNRATED,Drama,138,"[u'Stanley Baker', u'Jack Hawkins', u'Ulla Jacobsson']"
527,7.8,Night on Earth,R,Comedy,129,"[u'Winona Ryder', u'Gena Rowlands', u'Lisanne Falk']"
528,7.8,From Here to Eternity,NOT RATED,Drama,118,"[u'Burt Lancaster', u'Montgomery Clift', u'Deborah Kerr']"
529,7.8,Apocalypto,R,Action,139,"[u'Gerardo Taracena', u'Raoul Trujillo', u'Dalia Hern\xe1ndez']"
530,7.8,Atonement,R,Drama,123,"[u'Keira Knightley', u'James McAvoy', u'Brenda Blethyn']"
531,7.8,The Dirty Dozen,NOT RATED,Action,150,"[u'Lee Marvin', u'Ernest Borgnine', u'Charles Bronson']"
532,7.8,X-Men: First Class,PG-13,Action,132,"[u'James McAvoy', u'Michael Fassbender', u'Jennifer Lawrence']"
533,7.8,Run Lola Run,R,Action,80,"[u'Franka Potente', u'Moritz Bleibtreu', u'Herbert Knaup']"
534,7.8,The Longest Day,G,Action,178,"[u'John Wayne', u'Robert Ryan', u'Richard Burton']"
535,7.8,Zelig,PG,Comedy,79,"[u'Woody Allen', u'Mia Farrow', u'Patrick Horgan']"
536,7.8,The Last Emperor,PG-13,Biography,163,"[u'John Lone', u'Joan Chen', u""Peter O'Toole""]"
537,7.8,The Goonies,PG,Adventure,114,"[u'Sean Astin', u'Josh Brolin', u'Jeff Cohen']"
538,7.8,The White Ribbon,R,Drama,144,"[u'Christian Friedel', u'Ernst Jacobi', u'Leonie Benesch']"
539,7.8,The Fugitive,PG-13,Action,130,"[u'Harrison Ford', u'Tommy Lee Jones', u'Sela Ward']"
540,7.8,The Color Purple,PG-13,Drama,154,"[u'Danny Glover', u'Whoopi Goldberg', u'Oprah Winfrey']"
541,7.8,South Park: Bigger Longer & Uncut,R,Animation,81,"[u'Trey Parker', u'Matt Stone', u'Mary Kay Bergman']"
542,7.8,(500) Days of Summer,PG-13,Comedy,95,"[u'Zooey Deschanel', u'Joseph Gordon-Levitt', u'Geoffrey Arend']"
543,7.8,Lost in Translation,R,Drama,101,"[u'Bill Murray', u'Scarlett Johansson', u'Giovanni Ribisi']"
544,7.8,Argo,R,Drama,120,"[u'Ben Affleck', u'Bryan Cranston', u'John Goodman']"
545,7.8,Blazing Saddles,R,Comedy,93,"[u'Cleavon Little', u'Gene Wilder', u'Slim Pickens']"
546,7.8,Breakfast at Tiffany's,NOT RATED,Comedy,115,"[u'Audrey Hepburn', u'George Peppard', u'Patricia Neal']"
547,7.8,Finding Neverland,PG,Biography,106,"[u'Johnny Depp', u'Kate Winslet', u'Julie Christie']"
548,7.8,The Experiment,R,Drama,120,"[u'Moritz Bleibtreu', u'Christian Berkel', u'Oliver Stokowski']"
549,7.8,Lucky Number Slevin,R,Crime,110,"[u'Josh Hartnett', u'Ben Kingsley', u'Morgan Freeman']"
550,7.8,The Theory of Everything,PG-13,Biography,123,"[u'Eddie Redmayne', u'Felicity Jones', u'Tom Prior']"
551,7.8,Harry Potter and the Prisoner of Azkaban,PG,Adventure,142,"[u'Daniel Radcliffe', u'Emma Watson', u'Rupert Grint']"
552,7.8,Kung Fu Hustle,R,Action,99,"[u'Stephen Chow', u'Wah Yuen', u'Qiu Yuen']"
553,7.8,Being John Malkovich,R,Comedy,112,"[u'John Cusack', u'Cameron Diaz', u'Catherine Keener']"
554,7.8,The Social Network,PG-13,Biography,120,"[u'Jesse Eisenberg', u'Andrew Garfield', u'Justin Timberlake']"
555,7.8,3:10 to Yuma,R,Adventure,122,"[u'Russell Crowe', u'Christian Bale', u'Ben Foster']"
556,7.8,The Name of the Rose,R,Crime,130,"[u'Sean Connery', u'Christian Slater', u'Helmut Qualtinger']"
557,7.8,Mary Poppins,APPROVED,Comedy,139,"[u'Julie Andrews', u'Dick Van Dyke', u'David Tomlinson']"
558,7.8,The Game,R,Drama,129,"[u'Michael Douglas', u'Deborah Kara Unger', u'Sean Penn']"
559,7.8,Changeling,R,Drama,141,"[u'Angelina Jolie', u'Colm Feore', u'Amy Ryan']"
560,7.8,Donnie Brasco,R,Biography,127,"[u'Al Pacino', u'Johnny Depp', u'Michael Madsen']"
561,7.8,Serpico,R,Biography,130,"[u'Al Pacino', u'John Randolph', u'Jack Kehoe']"
562,7.8,What's Eating Gilbert Grape,PG-13,Drama,118,"[u'Johnny Depp', u'Leonardo DiCaprio', u'Juliette Lewis']"
563,7.8,Goldfinger,APPROVED,Action,110,"[u'Sean Connery', u'Gert Fr\xf6be', u'Honor Blackman']"
564,7.8,Nebraska,R,Adventure,115,"[u'Bruce Dern', u'Will Forte', u'June Squibb']"
565,7.8,The Sandlot,PG,Comedy,101,"[u'Tom Guiry', u'Mike Vitar', u'Patrick Renna']"
566,7.8,Boyz n the Hood,R,Crime,112,"[u'Cuba Gooding Jr.', u'Laurence Fishburne', u'Hudhail Al-Amir']"
567,7.8,The Bourne Supremacy,PG-13,Action,108,"[u'Matt Damon', u'Franka Potente', u'Joan Allen']"
568,7.8,Skyfall,PG-13,Action,143,"[u'Daniel Craig', u'Javier Bardem', u'Naomie Harris']"
569,7.8,Ray,PG-13,Biography,152,"[u'Jamie Foxx', u'Regina King', u'Kerry Washington']"
570,7.8,300,R,Action,117,"[u'Gerard Butler', u'Lena Headey', u'David Wenham']"
571,7.8,A Bronx Tale,R,Crime,121,"[u'Robert De Niro', u'Chazz Palminteri', u'Lillo Brancato']"
572,7.8,The Birds,PG-13,Horror,119,"[u'Rod Taylor', u'Tippi Hedren', u'Suzanne Pleshette']"
573,7.8,Battle Royale,NOT RATED,Action,114,"[u'Tatsuya Fujiwara', u'Aki Maeda', u'Tar\xf4 Yamamoto']"
574,7.8,Control,R,Biography,122,"[u'Sam Riley', u'Samantha Morton', u'Craig Parkinson']"
575,7.8,Kramer vs. Kramer,APPROVED,Drama,105,"[u'Dustin Hoffman', u'Meryl Streep', u'Jane Alexander']"
576,7.8,Deliverance,R,Adventure,110,"[u'Jon Voight', u'Burt Reynolds', u'Ned Beatty']"
577,7.8,Ocean's Eleven,PG-13,Crime,116,"[u'George Clooney', u'Brad Pitt', u'Julia Roberts']"
578,7.8,As Good as It Gets,PG-13,Comedy,139,"[u'Jack Nicholson', u'Helen Hunt', u'Greg Kinnear']"
579,7.8,Awakenings,PG-13,Biography,121,"[u'Robert De Niro', u'Robin Williams', u'Julie Kavner']"
580,7.8,The King of Comedy,PG,Comedy,109,"[u'Robert De Niro', u'Jerry Lewis', u'Diahnne Abbott']"
581,7.8,Man on Fire,R,Action,146,"[u'Denzel Washington', u'Christopher Walken', u'Dakota Fanning']"
582,7.8,Sabrina,UNRATED,Comedy,113,"[u'Humphrey Bogart', u'Audrey Hepburn', u'William Holden']"
583,7.8,Dark City,R,Mystery,100,"[u'Rufus Sewell', u'Kiefer Sutherland', u'Jennifer Connelly']"
584,7.8,Good Bye Lenin!,R,Comedy,121,"[u'Daniel Br\xfchl', u'Katrin Sa\xdf', u'Chulpan Khamatova']"
585,7.7,Remember the Titans,PG,Biography,113,"[u'Denzel Washington', u'Will Patton', u'Wood Harris']"
586,7.7,Star Trek II: The Wrath of Khan,PG,Action,113,"[u'William Shatner', u'Leonard Nimoy', u'DeForest Kelley']"
587,7.7,Road to Perdition,R,Crime,117,"[u'Tom Hanks', u'Tyler Hoechlin', u'Rob Maxey']"
588,7.7,Rushmore,R,Comedy,93,"[u'Jason Schwartzman', u'Bill Murray', u'Olivia Williams']"
589,7.7,The Machinist,R,Drama,101,"[u'Christian Bale', u'Jennifer Jason Leigh', u'Aitana S\xe1nchez-Gij\xf3n']"
590,7.7,Flipped,PG,Comedy,90,"[u'Madeline Carroll', u'Callan McAuliffe', u'Rebecca De Mornay']"
591,7.7,The Count of Monte Cristo,PG-13,Action,131,"[u'Jim Caviezel', u'Guy Pearce', u'Richard Harris']"
592,7.7,Detachment,NOT RATED,Drama,98,"[u'Adrien Brody', u'Christina Hendricks', u'Marcia Gay Harden']"
593,7.7,Love Me If You Dare,R,Comedy,93,"[u'Guillaume Canet', u'Marion Cotillard', u'Thibault Verhaeghe']"
594,7.7,Dead Man,R,Drama,121,"[u'Johnny Depp', u'Gary Farmer', u'Crispin Glover']"
595,7.7,The Purple Rose of Cairo,PG,Comedy,82,"[u'Mia Farrow', u'Jeff Daniels', u'Danny Aiello']"
596,7.7,21 Grams,R,Crime,124,"[u'Sean Penn', u'Benicio Del Toro', u'Naomi Watts']"
597,7.7,50/50,R,Comedy,100,"[u'Joseph Gordon-Levitt', u'Seth Rogen', u'Anna Kendrick']"
598,7.7,Kick-Ass,R,Action,117,"[u'Aaron Taylor-Johnson', u'Nicolas Cage', u'Chlo\xeb Grace Moretz']"
599,7.7,Delicatessen,R,Comedy,99,"[u'Marie-Laure Dougnac', u'Dominique Pinon', u'Pascal Benezech']"
600,7.7,Barton Fink,R,Drama,116,"[u'John Turturro', u'John Goodman', u'Judy Davis']"
601,7.7,The Last King of Scotland,R,Biography,123,"[u'James McAvoy', u'Forest Whitaker', u'Gillian Anderson']"
602,7.7,Adaptation.,R,Comedy,114,"[u'Nicolas Cage', u'Meryl Streep', u'Chris Cooper']"
603,7.7,A Very Long Engagement,R,Drama,133,"[u'Audrey Tautou', u'Gaspard Ulliel', u'Jodie Foster']"
604,7.7,Mysterious Skin,NC-17,Drama,105,"[u'Brady Corbet', u'Joseph Gordon-Levitt', u'Elisabeth Shue']"
605,7.7,Stardust,PG-13,Adventure,127,"[u'Charlie Cox', u'Claire Danes', u'Sienna Miller']"
606,7.7,Black Hawk Down,R,Drama,144,"[u'Josh Hartnett', u'Ewan McGregor', u'Tom Sizemore']"
607,7.7,Paprika,R,Animation,90,"[u'Megumi Hayashibara', u'T\xf4ru Emori', u'Katsunosuke Hori']"
608,7.7,Fear and Loathing in Las Vegas,R,Comedy,118,"[u'Johnny Depp', u'Benicio Del Toro', u'Tobey Maguire']"
609,7.7,Frost/Nixon,R,Drama,122,"[u'Frank Langella', u'Michael Sheen', u'Kevin Bacon']"
610,7.7,Enter the Dragon,R,Action,102,"[u'Bruce Lee', u'John Saxon', u'Jim Kelly']"
611,7.7,Short Cuts,R,Comedy,187,"[u'Andie MacDowell', u'Julianne Moore', u'Tim Robbins']"
612,7.7,A Hard Day's Night,APPROVED,Comedy,87,"[u'John Lennon', u'Paul McCartney', u'George Harrison']"
613,7.7,The Last Samurai,R,Action,154,"[u'Tom Cruise', u'Ken Watanabe', u'Billy Connolly']"
614,7.7,The Station Agent,R,Comedy,89,"[u'Peter Dinklage', u'Patricia Clarkson', u'Bobby Cannavale']"
615,7.7,Zombieland,R,Comedy,88,"[u'Jesse Eisenberg', u'Emma Stone', u'Woody Harrelson']"
616,7.7,Sympathy for Mr. Vengeance,R,Crime,129,"[u'Kang-ho Song', u'Ha-kyun Shin', u'Doona Bae']"
617,7.7,Despicable Me,PG,Animation,95,"[u'Steve Carell', u'Jason Segel', u'Russell Brand']"
618,7.7,Shane,APPROVED,Drama,118,"[u'Alan Ladd', u'Jean Arthur', u'Van Heflin']"
619,7.7,Forbidden Planet,PASSED,Action,98,"[u'Walter Pidgeon', u'Anne Francis', u'Leslie Nielsen']"
620,7.7,Titanic,PG-13,Drama,194,"[u'Leonardo DiCaprio', u'Kate Winslet', u'Billy Zane']"
621,7.7,Gone Baby Gone,R,Crime,114,"[u'Morgan Freeman', u'Ed Harris', u'Casey Affleck']"
622,7.7,The Dinner Game,PG-13,Comedy,80,"[u'Thierry Lhermitte', u'Jacques Villeret', u'Francis Huster']"
623,7.7,Dawn of the Planet of the Apes,PG-13,Action,130,"[u'Gary Oldman', u'Keri Russell', u'Andy Serkis']"
624,7.7,25th Hour,R,Crime,135,"[u'Edward Norton', u'Barry Pepper', u'Philip Seymour Hoffman']"
625,7.7,Ponyo,G,Animation,101,"[u'Cate Blanchett', u'Matt Damon', u'Liam Neeson']"
626,7.7,Shine,PG-13,Biography,105,"[u'Geoffrey Rush', u'Armin Mueller-Stahl', u'Justin Braine']"
627,7.7,The Blind Side,PG-13,Biography,129,"[u'Quinton Aaron', u'Sandra Bullock', u'Tim McGraw']"
628,7.7,Brokeback Mountain,R,Drama,134,"[u'Jake Gyllenhaal', u'Heath Ledger', u'Michelle Williams']"
629,7.7,Cast Away,PG-13,Adventure,143,"[u'Tom Hanks', u'Helen Hunt', u'Paul Sanchez']"
630,7.7,Malcolm X,PG-13,Biography,202,"[u'Denzel Washington', u'Angela Bassett', u'Delroy Lindo']"
631,7.7,Show Me Love,UNRATED,Comedy,89,"[u'Alexandra Dahlstr\xf6m', u'Rebecka Liljeberg', u'Erica Carlson']"
632,7.7,Boy A,R,Drama,106,"[u'Andrew Garfield', u'Peter Mullan', u'Shaun Evans']"
633,7.7,The Warriors,R,Action,92,"[u'Michael Beck', u'James Remar', u'Dorsey Wright']"
634,7.7,Close Encounters of the Third Kind,PG,Drama,137,"[u'Richard Dreyfuss', u'Fran\xe7ois Truffaut', u'Teri Garr']"
635,7.7,Match Point,R,Drama,124,"[u'Scarlett Johansson', u'Jonathan Rhys Meyers', u'Emily Mortimer']"
636,7.7,Training Day,R,Crime,122,"[u'Denzel Washington', u'Ethan Hawke', u'Scott Glenn']"
637,7.7,The Butterfly Effect,R,Sci-Fi,113,"[u'Ashton Kutcher', u'Amy Smart', u'Melora Walters']"
638,7.7,The City of Lost Children,R,Fantasy,112,"[u'Ron Perlman', u'Daniel Emilfork', u'Judith Vittet']"
639,7.7,Billy Elliot,PG-13,Comedy,110,"[u'Jamie Bell', u'Julie Walters', u'Jean Heywood']"
640,7.7,Love Actually,R,Comedy,135,"[u'Hugh Grant', u'Martine McCutcheon', u'Liam Neeson']"
641,7.7,The Producers,PG,Comedy,88,"[u'Zero Mostel', u'Gene Wilder', u'Dick Shawn']"
642,7.7,Harry Potter and the Deathly Hallows: Part 1,PG-13,Adventure,146,"[u'Daniel Radcliffe', u'Emma Watson', u'Rupert Grint']"
643,7.7,The Visitor,PG-13,Drama,104,"[u'Richard Jenkins', u'Haaz Sleiman', u'Danai Gurira']"
644,7.7,Philadelphia,PG-13,Drama,125,"[u'Tom Hanks', u'Denzel Washington', u'Roberta Maxwell']"
645,7.7,Sense and Sensibility,PG,Drama,131,"[u'Emma Thompson', u'Kate Winslet', u'James Fleet']"
646,7.7,Three Colors: White,R,Comedy,91,"[u'Zbigniew Zamachowski', u'Julie Delpy', u'Janusz Gajos']"
647,7.7,La grande bellezza,NOT RATED,Drama,142,"[u'Toni Servillo', u'Carlo Verdone', u'Sabrina Ferilli']"
648,7.7,Primal Fear,R,Crime,129,"[u'Richard Gere', u'Laura Linney', u'Edward Norton']"
649,7.7,Where Eagles Dare,,Action,158,"[u'Richard Burton', u'Clint Eastwood', u'Mary Ure']"
650,7.7,Dazed and Confused,R,Comedy,102,"[u'Jason London', u'Wiley Wiggins', u'Matthew McConaughey']"
651,7.7,Blood Simple.,R,Crime,99,"[u'John Getz', u'Frances McDormand', u'Dan Hedaya']"
652,7.7,This Is England,UNRATED,Crime,101,"[u'Thomas Turgoose', u'Stephen Graham', u'Jo Hartley']"
653,7.7,Fearless,PG-13,Action,104,"[u'Jet Li', u'Li Sun', u'Yong Dong']"
654,7.7,Dangerous Liaisons,R,Drama,119,"[u'Glenn Close', u'John Malkovich', u'Michelle Pfeiffer']"
655,7.7,Saw,R,Horror,103,"[u'Cary Elwes', u'Leigh Whannell', u'Danny Glover']"
656,7.7,Snow White and the Seven Dwarfs,APPROVED,Animation,88,"[u'Adriana Caselotti', u'Harry Stockwell', u'Lucille La Verne']"
657,7.7,Coraline,PG,Animation,100,"[u'Dakota Fanning', u'Teri Hatcher', u'John Hodgman']"
658,7.7,The Hunger Games: Catching Fire,PG-13,Adventure,146,"[u'Jennifer Lawrence', u'Josh Hutcherson', u'Liam Hemsworth']"
659,7.7,Sophie's Choice,R,Drama,150,"[u'Meryl Streep', u'Kevin Kline', u'Peter MacNicol']"
660,7.7,La Vie en Rose,PG-13,Biography,140,"[u'Marion Cotillard', u'Sylvie Testud', u'Pascal Greggory']"
661,7.7,Star Wars: Episode III - Revenge of the Sith,PG-13,Action,140,"[u'Hayden Christensen', u'Natalie Portman', u'Ewan McGregor']"
662,7.7,True Grit,PG-13,Adventure,110,"[u'Jeff Bridges', u'Matt Damon', u'Hailee Steinfeld']"
663,7.7,After Hours,R,Comedy,97,"[u'Griffin Dunne', u'Rosanna Arquette', u'Verna Bloom']"
664,7.7,Frozen,PG,Animation,102,"[u'Kristen Bell', u'Idina Menzel', u'Jonathan Groff']"
665,7.7,Lolita,NOT RATED,Drama,152,"[u'James Mason', u'Shelley Winters', u'Sue Lyon']"
666,7.7,Eastern Promises,R,Crime,100,"[u'Naomi Watts', u'Viggo Mortensen', u'Armin Mueller-Stahl']"
667,7.7,Midnight in Paris,PG-13,Comedy,94,"[u'Owen Wilson', u'Rachel McAdams', u'Kathy Bates']"
668,7.7,The Muppet Christmas Carol,G,Comedy,85,"[u'Michael Caine', u'Dave Goelz', u'Steve Whitmire']"
669,7.7,Who Framed Roger Rabbit,PG,Animation,104,"[u'Bob Hoskins', u'Christopher Lloyd', u'Joanna Cassidy']"
670,7.7,Sympathy for Lady Vengeance,R,Crime,112,"[u'Yeong-ae Lee', u'Min-sik Choi', u'Shi-hoo Kim']"
671,7.7,Grindhouse,R,Action,191,"[u'Kurt Russell', u'Rose McGowan', u'Danny Trejo']"
672,7.7,In a Better World,R,Drama,119,"[u'Mikael Persbrandt', u'Trine Dyrholm', u'Markus Rygaard']"
673,7.7,Blow-Up,NOT RATED,Drama,111,"[u'David Hemmings', u'Vanessa Redgrave', u'Sarah Miles']"
674,7.7,The Secret World of Arrietty,G,Animation,94,"[u'Bridgit Mendler', u'Amy Poehler', u'Will Arnett']"
675,7.7,Kiss Kiss Bang Bang,R,Action,103,"[u'Robert Downey Jr.', u'Val Kilmer', u'Michelle Monaghan']"
676,7.7,Lost Highway,R,Drama,134,"[u'Bill Pullman', u'Patricia Arquette', u'John Roselius']"
677,7.7,Zodiac,R,Crime,157,"[u'Jake Gyllenhaal', u'Robert Downey Jr.', u'Mark Ruffalo']"
678,7.7,Les Miserables,PG-13,Drama,158,"[u'Hugh Jackman', u'Russell Crowe', u'Anne Hathaway']"
679,7.7,Moulin Rouge!,PG-13,Drama,127,"[u'Nicole Kidman', u'Ewan McGregor', u'John Leguizamo']"
680,7.7,Whale Rider,PG-13,Drama,101,"[u'Keisha Castle-Hughes', u'Rawiri Paratene', u'Vicky Haughton']"
681,7.7,End of Watch,R,Crime,109,"[u'Jake Gyllenhaal', u'Michael Pe\xf1a', u'Anna Kendrick']"
682,7.7,Philomena,PG-13,Biography,98,"[u'Judi Dench', u'Steve Coogan', u'Sophie Kennedy Clark']"
683,7.7,Fury,R,Action,134,"[u'Brad Pitt', u'Shia LaBeouf', u'Logan Lerman']"
684,7.7,The Big Blue,PG-13,Action,168,"[u'Jean-Marc Barr', u'Jean Reno', u'Rosanna Arquette']"
685,7.7,First Blood,R,Action,93,"[u'Sylvester Stallone', u'Brian Dennehy', u'Richard Crenna']"
686,7.7,Minority Report,PG-13,Action,145,"[u'Tom Cruise', u'Colin Farrell', u'Samantha Morton']"
687,7.7,Spellbound,UNRATED,Film-Noir,111,"[u'Ingrid Bergman', u'Gregory Peck', u'Michael Chekhov']"
688,7.7,The Wicker Man,R,Horror,88,"[u'Edward Woodward', u'Christopher Lee', u'Diane Cilento']"
689,7.7,Seven Pounds,PG-13,Drama,123,"[u'Will Smith', u'Rosario Dawson', u'Woody Harrelson']"
690,7.7,Midnight Express,R,Biography,121,"[u'Brad Davis', u'Irene Miracle', u'Bo Hopkins']"
691,7.7,Kelly's Heroes,GP,Action,144,"[u'Clint Eastwood', u'Telly Savalas', u'Don Rickles']"
692,7.7,MASH,R,Comedy,116,"[u'Donald Sutherland', u'Elliott Gould', u'Tom Skerritt']"
693,7.7,The Player,R,Comedy,124,"[u'Tim Robbins', u'Greta Scacchi', u'Fred Ward']"
694,7.7,Traffic,R,Crime,147,"[u'Michael Douglas', u'Benicio Del Toro', u'Catherine Zeta-Jones']"
695,7.7,Y Tu Mama Tambien,R,Drama,106,"[u'Maribel Verd\xfa', u'Gael Garc\xeda Bernal', u'Daniel Gim\xe9nez Cacho']"
696,7.7,Stranger Than Fiction,PG-13,Comedy,113,"[u'Will Ferrell', u'Emma Thompson', u'Dustin Hoffman']"
697,7.7,Inside Man,R,Crime,129,"[u'Denzel Washington', u'Clive Owen', u'Jodie Foster']"
698,7.6,127 Hours,R,Adventure,94,"[u'James Franco', u'Amber Tamblyn', u'Kate Mara']"
699,7.6,The Fifth Element,PG-13,Action,126,"[u'Bruce Willis', u'Milla Jovovich', u'Gary Oldman']"
700,7.6,Milk,R,Biography,128,"[u'Sean Penn', u'Josh Brolin', u'Emile Hirsch']"
701,7.6,United 93,R,Action,111,"[u'David Alan Basche', u'Olivia Thirlby', u'Liza Col\xf3n-Zayas']"
702,7.6,Jin ling shi san chai,R,Drama,146,"[u'Christian Bale', u'Ni Ni', u'Xinyi Zhang']"
703,7.6,Dracula,APPROVED,Horror,85,"[u'Bela Lugosi', u'Helen Chandler', u'David Manners']"
704,7.6,High Plains Drifter,R,Western,105,"[u'Clint Eastwood', u'Verna Bloom', u'Marianna Hill']"
705,7.6,I Am Sam,PG-13,Drama,132,"[u'Sean Penn', u'Michelle Pfeiffer', u'Dakota Fanning']"
706,7.6,Fried Green Tomatoes,PG-13,Drama,130,"[u'Kathy Bates', u'Jessica Tandy', u'Mary Stuart Masterson']"
707,7.6,Watchmen,R,Action,162,"[u'Jackie Earle Haley', u'Patrick Wilson', u'Carla Gugino']"
708,7.6,28 Days Later...,R,Horror,113,"[u'Cillian Murphy', u'Naomie Harris', u'Christopher Eccleston']"
709,7.6,The Illusionist,PG-13,Drama,110,"[u'Edward Norton', u'Jessica Biel', u'Paul Giamatti']"
710,7.6,Superbad,R,Comedy,113,"[u'Michael Cera', u'Jonah Hill', u'Christopher Mintz-Plasse']"
711,7.6,The Godfather: Part III,R,Crime,162,"[u'Al Pacino', u'Diane Keaton', u'Andy Garcia']"
712,7.6,The Royal Tenenbaums,R,Comedy,110,"[u'Gene Hackman', u'Gwyneth Paltrow', u'Anjelica Huston']"
713,7.6,The Jungle Book,APPROVED,Animation,78,"[u'Phil Harris', u'Sebastian Cabot', u'Louis Prima']"
714,7.6,Thank You for Smoking,R,Comedy,92,"[u'Aaron Eckhart', u'Cameron Bright', u'Maria Bello']"
715,7.6,Man Bites Dog,NC-17,Comedy,95,"[u'Beno\xeet Poelvoorde', u'Jacqueline Poelvoorde-Pappaert', u'Nelly Pappaert']"
716,7.6,A Few Good Men,R,Drama,138,"[u'Tom Cruise', u'Jack Nicholson', u'Demi Moore']"
717,7.6,The Legend of Drunken Master,R,Action,102,"[u'Jackie Chan', u'Ho-Sung Pak', u'Lung Ti']"
718,7.6,The Kite Runner,PG-13,Drama,128,"[u'Khalid Abdalla', u'Ahmad Khan Mahmoodzada', u'Atossa Leoni']"
719,7.6,When Harry Met Sally...,R,Comedy,96,"[u'Billy Crystal', u'Meg Ryan', u'Carrie Fisher']"
720,7.6,Munich,R,Drama,164,"[u'Eric Bana', u'Daniel Craig', u'Marie-Jos\xe9e Croze']"
721,7.6,House of Sand and Fog,R,Drama,126,"[u'Jennifer Connelly', u'Ben Kingsley', u'Ron Eldard']"
722,7.6,Lethal Weapon,R,Action,110,"[u'Mel Gibson', u'Danny Glover', u'Gary Busey']"
723,7.6,Animal House,R,Comedy,109,"[u'John Belushi', u'Karen Allen', u'Tom Hulce']"
724,7.6,Lord of War,R,Crime,122,"[u'Nicolas Cage', u'Ethan Hawke', u'Jared Leto']"
725,7.6,Blow,R,Biography,124,"[u'Johnny Depp', u'Pen\xe9lope Cruz', u'Franka Potente']"
726,7.6,Sherlock Holmes,PG-13,Action,128,"[u'Robert Downey Jr.', u'Jude Law', u'Rachel McAdams']"
727,7.6,Harry Potter and the Goblet of Fire,PG-13,Adventure,157,"[u'Daniel Radcliffe', u'Emma Watson', u'Rupert Grint']"
728,7.6,La piel que habito,R,Thriller,120,"[u'Antonio Banderas', u'Elena Anaya', u'Jan Cornet']"
729,7.6,The Crow,R,Action,102,"[u'Brandon Lee', u'Michael Wincott', u'Rochelle Davis']"
730,7.6,West Side Story,UNRATED,Crime,152,"[u'Natalie Wood', u'George Chakiris', u'Richard Beymer']"
731,7.6,The Thin Red Line,R,Drama,170,"[u'Jim Caviezel', u'Sean Penn', u'Nick Nolte']"
732,7.6,American Psycho,R,Crime,102,"[u'Christian Bale', u'Justin Theroux', u'Josh Lucas']"
733,7.6,The Blind Swordsman: Zatoichi,R,Action,116,"[u'Takeshi Kitano', u'Tadanobu Asano', u'Yui Natsukawa']"
734,7.6,The Last Temptation of Christ,R,Drama,164,"[u'Willem Dafoe', u'Harvey Keitel', u'Barbara Hershey']"
735,7.6,The Naked Gun: From the Files of Police Squad!,PG-13,Comedy,85,"[u'Leslie Nielsen', u'Priscilla Presley', u'O.J. Simpson']"
736,7.6,The Others,PG-13,Horror,104,"[u'Nicole Kidman', u'Christopher Eccleston', u'Fionnula Flanagan']"
737,7.6,The Party,PG,Comedy,99,"[u'Peter Sellers', u'Claudine Longet', u'Natalia Borisova']"
738,7.6,Army of Darkness,R,Comedy,81,"[u'Bruce Campbell', u'Embeth Davidtz', u'Marcus Gilbert']"
739,7.6,The Hurt Locker,R,Drama,131,"[u'Jeremy Renner', u'Anthony Mackie', u'Brian Geraghty']"
740,7.6,The Raid: Redemption,R,Action,101,"[u'Iko Uwais', u'Ananda George', u'Ray Sahetapy']"
741,7.6,Volver,R,Comedy,121,"[u'Pen\xe9lope Cruz', u'Carmen Maura', u'Lola Due\xf1as']"
742,7.6,Following,R,Mystery,69,"[u'Jeremy Theobald', u'Alex Haw', u'Lucy Russell']"
743,7.6,Kung Fu Panda,PG,Animation,92,"[u'Jack Black', u'Ian McShane', u'Angelina Jolie']"
744,7.6,Mad Max 2: The Road Warrior,R,Action,94,"[u'Mel Gibson', u'Bruce Spence', u'Michael Preston']"
745,7.6,Jusan-nin no shikaku,R,Action,141,"[u'K\xf4ji Yakusho', u'Takayuki Yamada', u'Y\xfbsuke Iseya']"
746,7.6,The Man Who Wasn't There,R,Crime,116,"[u'Billy Bob Thornton', u'Frances McDormand', u'Michael Badalucco']"
747,7.6,The Counterfeiters,R,Crime,98,"[u'Karl Markovics', u'August Diehl', u'Devid Striesow']"
748,7.6,The Hunt for Red October,PG,Action,135,"[u'Sean Connery', u'Alec Baldwin', u'Scott Glenn']"
749,7.6,Lone Survivor,R,Action,121,"[u'Mark Wahlberg', u'Taylor Kitsch', u'Emile Hirsch']"
750,7.6,A Fish Called Wanda,R,Comedy,108,"[u'John Cleese', u'Jamie Lee Curtis', u'Kevin Kline']"
751,7.6,The Impossible,PG-13,Drama,114,"[u'Naomi Watts', u'Ewan McGregor', u'Tom Holland']"
752,7.6,Garden State,R,Comedy,102,"[u'Zach Braff', u'Peter Sarsgaard', u'Natalie Portman']"
753,7.6,Escape from Alcatraz,PG,Action,112,"[u'Clint Eastwood', u'Patrick McGoohan', u'Roberts Blossom']"
754,7.6,Apollo 13,PG,Adventure,140,"[u'Tom Hanks', u'Bill Paxton', u'Kevin Bacon']"
755,7.6,"Lust, Caution",NC-17,Drama,157,"[u'Tony Chiu Wai Leung', u'Wei Tang', u'Joan Chen']"
756,7.6,Selma,PG-13,Biography,128,"[u'David Oyelowo', u'Carmen Ejogo', u'Tim Roth']"
757,7.6,Funny Games,UNRATED,Crime,108,"[u'Susanne Lothar', u'Ulrich M\xfche', u'Arno Frisch']"
758,7.6,The Abyss,PG-13,Adventure,139,"[u'Ed Harris', u'Mary Elizabeth Mastrantonio', u'Michael Biehn']"
759,7.6,Robin Hood,G,Animation,83,"[u'Brian Bedford', u'Phil Harris', u'Roger Miller']"
760,7.6,Enemy at the Gates,R,Drama,131,"[u'Jude Law', u'Ed Harris', u'Joseph Fiennes']"
761,7.6,Falling Down,R,Crime,113,"[u'Michael Douglas', u'Robert Duvall', u'Barbara Hershey']"
762,7.6,Little Children,R,Drama,136,"[u'Kate Winslet', u'Jennifer Connelly', u'Patrick Wilson']"
763,7.6,Hunger,NOT RATED,Biography,96,"[u'Stuart Graham', u'Laine Megaw', u'Brian Milligan']"
764,7.6,Indiana Jones and the Temple of Doom,PG,Action,118,"[u'Harrison Ford', u'Kate Capshaw', u'Jonathan Ke Quan']"
765,7.6,Ip Man 2,R,Action,108,"[u'Donnie Yen', u'Xiaoming Huang', u'Sammo Kam-Bo Hung']"
766,7.6,The Little Mermaid,G,Animation,83,"[u'Jodi Benson', u'Samuel E. Wright', u'Rene Auberjonois']"
767,7.6,"It's a Mad, Mad, Mad, Mad World",APPROVED,Action,205,"[u'Spencer Tracy', u'Milton Berle', u'Ethel Merman']"
768,7.6,The Reader,R,Drama,124,"[u'Kate Winslet', u'Ralph Fiennes', u'Bruno Ganz']"
769,7.6,The Omen,R,Horror,111,"[u'Gregory Peck', u'Lee Remick', u'Harvey Stephens']"
770,7.6,A Royal Affair,R,Drama,137,"[u'Alicia Vikander', u'Mads Mikkelsen', u'Mikkel Boe F\xf8lsgaard']"
771,7.6,Braindead,R,Comedy,104,"[u'Timothy Balme', u'Diana Pe\xf1alver', u'Elizabeth Moody']"
772,7.6,Secondhand Lions,PG,Comedy,109,"[u'Haley Joel Osment', u'Michael Caine', u'Robert Duvall']"
773,7.6,Disconnect,R,Drama,115,"[u'Jason Bateman', u'Jonah Bobo', u'Haley Ramm']"
774,7.6,A Single Man,R,Drama,99,"[u'Colin Firth', u'Julianne Moore', u'Matthew Goode']"
775,7.6,Hoosiers,PG,Drama,114,"[u'Gene Hackman', u'Barbara Hershey', u'Dennis Hopper']"
776,7.6,Moneyball,PG-13,Biography,133,"[u'Brad Pitt', u'Robin Wright', u'Jonah Hill']"
777,7.6,The Book Thief,PG-13,Drama,131,"[u'Sophie N\xe9lisse', u'Geoffrey Rush', u'Emily Watson']"
778,7.6,Die Hard: With a Vengeance,R,Action,131,"[u'Bruce Willis', u'Jeremy Irons', u'Samuel L. Jackson']"
779,7.6,Interview with the Vampire: The Vampire Chronicles,R,Horror,123,"[u'Brad Pitt', u'Tom Cruise', u'Antonio Banderas']"
780,7.6,Midnight Run,R,Action,126,"[u'Robert De Niro', u'Charles Grodin', u'Yaphet Kotto']"
781,7.6,An American Werewolf in London,R,Comedy,97,"[u'David Naughton', u'Jenny Agutter', u'Joe Belcher']"
782,7.6,The Great Debaters,PG-13,Biography,126,"[u'Denzel Washington', u'Forest Whitaker', u'Kimberly Elise']"
783,7.6,Tucker and Dale vs. Evil,R,Comedy,89,"[u'Tyler Labine', u'Alan Tudyk', u'Katrina Bowden']"
784,7.6,Dead Man Walking,R,Crime,122,"[u'Susan Sarandon', u'Sean Penn', u'Robert Prosky']"
785,7.6,The Piano,R,Drama,121,"[u'Holly Hunter', u'Harvey Keitel', u'Sam Neill']"
786,7.6,The Town,R,Crime,125,"[u'Ben Affleck', u'Rebecca Hall', u'Jon Hamm']"
787,7.6,Rise of the Planet of the Apes,PG-13,Action,105,"[u'James Franco', u'Andy Serkis', u'Freida Pinto']"
788,7.6,Boys Don't Cry,R,Biography,118,"[u'Hilary Swank', u'Chlo\xeb Sevigny', u'Peter Sarsgaard']"
789,7.6,Ice Age,PG,Animation,81,"[u'Denis Leary', u'John Leguizamo', u'Ray Romano']"
790,7.6,Of Mice and Men,PG-13,Drama,115,"[u'John Malkovich', u'Gary Sinise', u'Ray Walston']"
791,7.6,Sideways,R,Comedy,126,"[u'Paul Giamatti', u'Thomas Haden Church', u'Virginia Madsen']"
792,7.6,High Fidelity,R,Comedy,113,"[u'John Cusack', u'Iben Hjejle', u'Todd Louiso']"
793,7.6,The Meaning of Life,R,Comedy,107,"[u'John Cleese', u'Terry Gilliam', u'Eric Idle']"
794,7.6,Hugo,PG,Adventure,126,"[u'Asa Butterfield', u'Chlo\xeb Grace Moretz', u'Christopher Lee']"
795,7.6,Leaving Las Vegas,R,Drama,111,"[u'Nicolas Cage', u'Elisabeth Shue', u'Julian Sands']"
796,7.6,The Evil Dead,NC-17,Horror,85,"[u'Bruce Campbell', u'Ellen Sandweiss', u'Richard DeManincor']"
797,7.6,Collateral,R,Crime,120,"[u'Tom Cruise', u'Jamie Foxx', u'Jada Pinkett Smith']"
798,7.6,"Planes, Trains & Automobiles",R,Comedy,93,"[u'Steve Martin', u'John Candy', u'Laila Robins']"
799,7.6,Hodejegerne,R,Crime,100,"[u'Aksel Hennie', u'Synn\xf8ve Macody Lund', u'Nikolaj Coster-Waldau']"
800,7.6,Field of Dreams,PG,Drama,107,"[u'Kevin Costner', u'James Earl Jones', u'Ray Liotta']"
801,7.6,Batman,PG-13,Action,126,"[u'Michael Keaton', u'Jack Nicholson', u'Kim Basinger']"
802,7.6,Tell No One,UNRATED,Crime,131,"[u'Fran\xe7ois Cluzet', u'Marie-Jos\xe9e Croze', u'Andr\xe9 Dussollier']"
803,7.6,Ghost Dog: The Way of the Samurai,R,Action,116,"[u'Forest Whitaker', u'Henry Silva', u'John Tormey']"
804,7.6,Chaplin,PG-13,Biography,143,"[u'Robert Downey Jr.', u'Geraldine Chaplin', u'Paul Rhys']"
805,7.6,Keith,PG-13,Drama,93,"[u'Elisabeth Harnois', u'Jesse McCartney', u'Margo Harshman']"
806,7.6,Juno,PG-13,Comedy,96,"[u'Ellen Page', u'Michael Cera', u'Jennifer Garner']"
807,7.6,The Assassination of Jesse James by the Coward Robert Ford,R,Biography,160,"[u'Brad Pitt', u'Casey Affleck', u'Sam Shepard']"
808,7.6,The Fisher King,R,Comedy,137,"[u'Jeff Bridges', u'Robin Williams', u'Adam Bryant']"
809,7.6,House of Flying Daggers,PG-13,Action,119,"[u'Ziyi Zhang', u'Takeshi Kaneshiro', u'Andy Lau']"
810,7.6,The Hours,PG-13,Drama,114,"[u'Meryl Streep', u'Nicole Kidman', u'Julianne Moore']"
811,7.6,The Damned United,R,Biography,98,"[u'Colm Meaney', u'Henry Goodman', u'David Roper']"
812,7.6,Star Trek: First Contact,PG-13,Action,111,"[u'Patrick Stewart', u'Jonathan Frakes', u'Brent Spiner']"
813,7.6,The Natural,PG,Drama,138,"[u'Robert Redford', u'Robert Duvall', u'Glenn Close']"
814,7.6,The Hobbit: The Battle of the Five Armies,PG-13,Adventure,144,"[u'Ian McKellen', u'Martin Freeman', u'Richard Armitage']"
815,7.6,Equilibrium,R,Action,107,"[u'Christian Bale', u'Sean Bean', u'Emily Watson']"
816,7.6,August Rush,PG,Drama,114,"[u'Freddie Highmore', u'Keri Russell', u'Jonathan Rhys Meyers']"
817,7.6,Saving Mr. Banks,PG-13,Biography,125,"[u'Emma Thompson', u'Tom Hanks', u'Annie Rose Buckley']"
818,7.6,The Hurricane,R,Biography,146,"[u'Denzel Washington', u'Vicellous Reon Shannon', u'Deborah Kara Unger']"
819,7.6,Jacob's Ladder,R,Drama,113,"[u'Tim Robbins', u'Elizabeth Pe\xf1a', u'Danny Aiello']"
820,7.6,The Curse of the Were-Rabbit,G,Animation,85,"[u'Peter Sallis', u'Helena Bonham Carter', u'Ralph Fiennes']"
821,7.6,Christmas Vacation,PG-13,Comedy,97,"[u'Chevy Chase', u""Beverly D'Angelo"", u'Juliette Lewis']"
822,7.5,"Good Night, and Good Luck.",PG,Drama,93,"[u'David Strathairn', u'George Clooney', u'Patricia Clarkson']"
823,7.5,Straw Dogs,UNRATED,Crime,113,"[u'Dustin Hoffman', u'Susan George', u'Peter Vaughan']"
824,7.5,42,PG-13,Biography,128,"[u'Chadwick Boseman', u'T.R. Knight', u'Harrison Ford']"
825,7.5,Rudy,PG,Biography,114,"[u'Sean Astin', u'Jon Favreau', u'Ned Beatty']"
826,7.5,Sleepers,R,Crime,147,"[u'Robert De Niro', u'Kevin Bacon', u'Brad Pitt']"
827,7.5,The Wind That Shakes the Barley,NOT RATED,Drama,127,"[u'Cillian Murphy', u'Padraic Delaney', u'Liam Cunningham']"
828,7.5,Gangs of New York,R,Crime,167,"[u'Leonardo DiCaprio', u'Cameron Diaz', u'Daniel Day-Lewis']"
829,7.5,Elizabeth,R,Biography,124,"[u'Cate Blanchett', u'Geoffrey Rush', u'Christopher Eccleston']"
830,7.5,Green Street Hooligans,R,Crime,109,"[u'Elijah Wood', u'Charlie Hunnam', u'Claire Forlani']"
831,7.5,Reign Over Me,R,Drama,124,"[u'Adam Sandler', u'Don Cheadle', u'Jada Pinkett Smith']"
832,7.5,RoboCop,R,Action,102,"[u'Peter Weller', u'Nancy Allen', u""Dan O'Herlihy""]"
833,7.5,The Life of David Gale,R,Crime,130,"[u'Kevin Spacey', u'Kate Winslet', u'Laura Linney']"
834,7.5,Life as a House,R,Drama,125,"[u'Hayden Christensen', u'Kevin Kline', u'Kristin Scott Thomas']"
835,7.5,Despicable Me 2,PG,Animation,98,"[u'Steve Carell', u'Kristen Wiig', u'Benjamin Bratt']"
836,7.5,Jackie Brown,R,Crime,154,"[u'Pam Grier', u'Samuel L. Jackson', u'Robert Forster']"
837,7.5,Menace II Society,R,Crime,97,"[u'Tyrin Turner', u'Larenz Tate', u'June Kyoto Lu']"
838,7.5,The Class,PG-13,Drama,128,"[u'Fran\xe7ois B\xe9gaudeau', u'Agame Malembo-Emene', u'Ang\xe9lica Sancio']"
839,7.5,Bullets Over Broadway,R,Comedy,98,"[u'John Cusack', u'Dianne Wiest', u'Jennifer Tilly']"
840,7.5,American Splendor,R,Biography,101,"[u'Paul Giamatti', u'Shari Springer Berman', u'Harvey Pekar']"
841,7.5,Perfume: The Story of a Murderer,R,Crime,147,"[u'Ben Whishaw', u'Dustin Hoffman', u'Alan Rickman']"
842,7.5,Cloud Atlas,R,Drama,172,"[u'Tom Hanks', u'Halle Berry', u'Hugh Grant']"
843,7.5,Marathon Man,R,Crime,125,"[u'Dustin Hoffman', u'Laurence Olivier', u'Roy Scheider']"
844,7.5,Pinocchio,APPROVED,Animation,88,"[u'Dickie Jones', u'Christian Rub', u'Mel Blanc']"
845,7.5,The Painted Veil,PG-13,Drama,125,"[u'Naomi Watts', u'Edward Norton', u'Liev Schreiber']"
846,7.5,A Simple Plan,R,Crime,121,"[u'Bill Paxton', u'Billy Bob Thornton', u'Bridget Fonda']"
847,7.5,The Conjuring,R,Horror,112,"[u'Patrick Wilson', u'Vera Farmiga', u'Ron Livingston']"
848,7.5,The Man Who Knew Too Much,PG,Thriller,120,"[u'James Stewart', u'Doris Day', u'Brenda de Banzie']"
849,7.5,Quiz Show,PG-13,Drama,133,"[u'Ralph Fiennes', u'John Turturro', u'Rob Morrow']"
850,7.5,American Graffiti,PG,Comedy,110,"[u'Richard Dreyfuss', u'Ron Howard', u'Paul Le Mat']"
851,7.5,The Bridges of Madison County,PG-13,Drama,135,"[u'Clint Eastwood', u'Meryl Streep', u'Annie Corley']"
852,7.5,Gallipoli,PG,Adventure,110,"[u'Mel Gibson', u'Mark Lee', u'Bill Kerr']"
853,7.5,L'illusionniste,PG,Animation,80,"[u'Jean-Claude Donda', u'Eilidh Rankin', u'Duncan MacNeil']"
854,7.5,Miracle,PG,Drama,135,"[u'Kurt Russell', u'Patricia Clarkson', u'Nathan West']"
855,7.5,Maria Full of Grace,R,Crime,101,"[u'Catalina Sandino Moreno', u'Guilied Lopez', u'Orlando Tob\xf3n']"
856,7.5,Scott Pilgrim vs. the World,PG-13,Action,112,"[u'Michael Cera', u'Mary Elizabeth Winstead', u'Kieran Culkin']"
857,7.5,Pleasantville,PG-13,Comedy,124,"[u'Tobey Maguire', u'Jeff Daniels', u'Joan Allen']"
858,7.5,Sherlock Holmes: A Game of Shadows,PG-13,Action,129,"[u'Robert Downey Jr.', u'Jude Law', u'Jared Harris']"
859,7.5,Doubt,PG-13,Drama,104,"[u'Meryl Streep', u'Philip Seymour Hoffman', u'Amy Adams']"
860,7.5,The Fly,R,Horror,96,"[u'Jeff Goldblum', u'Geena Davis', u'John Getz']"
861,7.5,The Orphanage,R,Drama,105,"[u'Bel\xe9n Rueda', u'Fernando Cayo', u'Roger Pr\xedncep']"
862,7.5,Malena,R,Drama,109,"[u'Monica Bellucci', u'Giuseppe Sulfaro', u'Luciano Federico']"
863,7.5,Three Days of the Condor,R,Mystery,117,"[u'Robert Redford', u'Faye Dunaway', u'Cliff Robertson']"
864,7.5,[Rec],R,Horror,78,"[u'Manuela Velasco', u'Ferran Terraza', u'Jorge-Yamam Serrano']"
865,7.5,A Perfect World,PG-13,Crime,138,"[u'Kevin Costner', u'Clint Eastwood', u'Laura Dern']"
866,7.5,To Catch a Thief,APPROVED,Mystery,106,"[u'Cary Grant', u'Grace Kelly', u'Jessie Royce Landis']"
867,7.5,Best in Show,PG-13,Comedy,90,"[u'Fred Willard', u'Eugene Levy', u""Catherine O'Hara""]"
868,7.5,Everything Is Illuminated,PG-13,Comedy,106,"[u'Elijah Wood', u'Eugene Hutz', u'Boris Leskin']"
869,7.5,A Nightmare on Elm Street,R,Horror,91,"[u'Heather Langenkamp', u'Johnny Depp', u'Robert Englund']"
870,7.5,The Ice Storm,R,Drama,112,"[u'Kevin Kline', u'Joan Allen', u'Sigourney Weaver']"
871,7.5,X2,PG-13,Action,134,"[u'Patrick Stewart', u'Hugh Jackman', u'Halle Berry']"
872,7.5,We Need to Talk About Kevin,R,Drama,112,"[u'Tilda Swinton', u'John C. Reilly', u'Ezra Miller']"
873,7.5,Felon,R,Crime,104,"[u'Stephen Dorff', u'Marisol Nichols', u'Vincent Miller']"
874,7.5,Still Alice,PG-13,Drama,101,"[u'Julianne Moore', u'Alec Baldwin', u'Kristen Stewart']"
875,7.5,Rust and Bone,R,Drama,120,"[u'Marion Cotillard', u'Matthias Schoenaerts', u'Armand Verdure']"
876,7.5,Freedom Writers,PG-13,Biography,123,"[u'Hilary Swank', u'Imelda Staunton', u'Patrick Dempsey']"
877,7.5,Legends of the Fall,R,Drama,133,"[u'Brad Pitt', u'Anthony Hopkins', u'Aidan Quinn']"
878,7.5,Buffalo '66,R,Comedy,110,"[u'Vincent Gallo', u'Christina Ricci', u'Ben Gazzara']"
879,7.5,The Constant Gardener,R,Drama,129,"[u'Ralph Fiennes', u'Rachel Weisz', u'Hubert Kound\xe9']"
880,7.5,My Cousin Vinny,R,Comedy,120,"[u'Joe Pesci', u'Marisa Tomei', u'Ralph Macchio']"
881,7.5,The Texas Chain Saw Massacre,R,Horror,83,"[u'Marilyn Burns', u'Edwin Neal', u'Allen Danziger']"
882,7.5,Mulan,G,Animation,88,"[u'Ming-Na Wen', u'Eddie Murphy', u'BD Wong']"
883,7.5,A History of Violence,R,Crime,96,"[u'Viggo Mortensen', u'Maria Bello', u'Ed Harris']"
884,7.5,Open Range,R,Action,139,"[u'Kevin Costner', u'Robert Duvall', u'Diego Luna']"
885,7.5,Total Recall,R,Action,113,"[u'Arnold Schwarzenegger', u'Sharon Stone', u'Michael Ironside']"
886,7.5,Pi,R,Drama,84,"[u'Sean Gullette', u'Mark Margolis', u'Ben Shenkman']"
887,7.5,The Devil's Backbone,R,Drama,106,"[u'Marisa Paredes', u'Eduardo Noriega', u'Federico Luppi']"
888,7.5,The Aviator,PG-13,Biography,170,"[u'Leonardo DiCaprio', u'Cate Blanchett', u'Kate Beckinsale']"
889,7.5,Devil's Advocate,R,Drama,144,"[u'Keanu Reeves', u'Al Pacino', u'Charlize Theron']"
890,7.5,"The Adventures of Priscilla, Queen of the Desert",R,Comedy,104,"[u'Hugo Weaving', u'Guy Pearce', u'Terence Stamp']"
891,7.5,Harry Potter and the Half-Blood Prince,PG,Adventure,153,"[u'Daniel Radcliffe', u'Emma Watson', u'Rupert Grint']"
892,7.5,Fruitvale Station,R,Biography,85,"[u'Michael B. Jordan', u'Melonie Diaz', u'Octavia Spencer']"
893,7.5,In the Bedroom,R,Crime,130,"[u'Tom Wilkinson', u'Sissy Spacek', u'Nick Stahl']"
894,7.5,Source Code,PG-13,Mystery,93,"[u'Jake Gyllenhaal', u'Michelle Monaghan', u'Vera Farmiga']"
895,7.5,Biutiful,R,Drama,148,"[u'Javier Bardem', u'Maricel \xc1lvarez', u'Hanaa Bouchaib']"
896,7.5,From Russia with Love,APPROVED,Action,115,"[u'Sean Connery', u'Robert Shaw', u'Lotte Lenya']"
897,7.5,Calvary,R,Drama,102,"[u'Brendan Gleeson', u""Chris O'Dowd"", u'Kelly Reilly']"
898,7.5,The Mission,PG,Adventure,125,"[u'Robert De Niro', u'Jeremy Irons', u'Ray McAnally']"
899,7.5,In the Loop,NOT RATED,Comedy,106,"[u'Tom Hollander', u'Peter Capaldi', u'James Gandolfini']"
900,7.5,The Three Burials of Melquiades Estrada,R,Adventure,121,"[u'Tommy Lee Jones', u'Barry Pepper', u'Dwight Yoakam']"
901,7.5,Babel,R,Drama,143,"[u'Brad Pitt', u'Cate Blanchett', u'Gael Garc\xeda Bernal']"
902,7.5,Frenzy,R,Thriller,116,"[u'Jon Finch', u'Barry Foster', u'Alec McCowen']"
903,7.5,Heavenly Creatures,R,Biography,99,"[u'Melanie Lynskey', u'Kate Winslet', u'Sarah Peirse']"
904,7.5,Sweeney Todd: The Demon Barber of Fleet Street,R,Drama,116,"[u'Johnny Depp', u'Helena Bonham Carter', u'Alan Rickman']"
905,7.5,Dracula,R,Horror,128,"[u'Gary Oldman', u'Winona Ryder', u'Anthony Hopkins']"
906,7.5,Looper,R,Action,119,"[u'Joseph Gordon-Levitt', u'Bruce Willis', u'Emily Blunt']"
907,7.5,The Proposition,R,Crime,104,"[u'Ray Winstone', u'Guy Pearce', u'Emily Watson']"
908,7.5,Bullitt,PG,Action,114,"[u'Steve McQueen', u'Jacqueline Bisset', u'Robert Vaughn']"
909,7.5,Harry Potter and the Sorcerer's Stone,PG,Adventure,152,"[u'Daniel Radcliffe', u'Rupert Grint', u'Richard Harris']"
910,7.5,2046,R,Drama,129,"[u'Tony Chiu Wai Leung', u'Ziyi Zhang', u'Faye Wong']"
911,7.5,Transamerica,R,Adventure,103,"[u'Felicity Huffman', u'Kevin Zegers', u'Fionnula Flanagan']"
912,7.5,Smoke,R,Comedy,112,"[u'Harvey Keitel', u'William Hurt', u'Giancarlo Esposito']"
913,7.5,Suspiria,X,Horror,92,"[u'Jessica Harper', u'Stefania Casini', u'Flavio Bucci']"
914,7.5,The Judge,R,Drama,141,"[u'Robert Downey Jr.', u'Robert Duvall', u'Vera Farmiga']"
915,7.5,Bad Education,NC-17,Crime,106,"[u'Gael Garc\xeda Bernal', u'Fele Mart\xednez', u'Javier C\xe1mara']"
916,7.5,Up in the Air,R,Drama,109,"[u'George Clooney', u'Vera Farmiga', u'Anna Kendrick']"
917,7.5,Begin Again,R,Drama,104,"[u'Keira Knightley', u'Mark Ruffalo', u'Adam Levine']"
918,7.5,Running Scared,R,Action,122,"[u'Paul Walker', u'Cameron Bright', u'Chazz Palminteri']"
919,7.5,Ghost World,R,Comedy,111,"[u'Steve Buscemi', u'Thora Birch', u'Scarlett Johansson']"
920,7.5,Witness,R,Crime,112,"[u'Harrison Ford', u'Kelly McGillis', u'Lukas Haas']"
921,7.5,Trading Places,R,Comedy,116,"[u'Eddie Murphy', u'Dan Aykroyd', u'Ralph Bellamy']"
922,7.5,Mud,PG-13,Drama,130,"[u'Matthew McConaughey', u'Tye Sheridan', u'Jacob Lofland']"
923,7.5,Across the Universe,PG-13,Drama,133,"[u'Evan Rachel Wood', u'Jim Sturgess', u'Joe Anderson']"
924,7.5,Les Miserables,PG-13,Crime,134,"[u'Liam Neeson', u'Geoffrey Rush', u'Uma Thurman']"
925,7.5,Notes on a Scandal,R,Drama,92,"[u'Cate Blanchett', u'Judi Dench', u'Andrew Simpson']"
926,7.5,Inside Llewyn Davis,R,Drama,104,"[u'Oscar Isaac', u'Carey Mulligan', u'John Goodman']"
927,7.5,Brick,R,Crime,110,"[u'Joseph Gordon-Levitt', u'Lukas Haas', u'Emilie de Ravin']"
928,7.5,Clerks II,R,Comedy,97,"[u""Brian O'Halloran"", u'Jeff Anderson', u'Rosario Dawson']"
929,7.5,Say Anything...,PG-13,Comedy,100,"[u'John Cusack', u'Ione Skye', u'John Mahoney']"
930,7.4,Man on the Moon,R,Biography,118,"[u'Jim Carrey', u'Danny DeVito', u'Gerry Becker']"
931,7.4,Mean Streets,R,Crime,112,"[u'Robert De Niro', u'Harvey Keitel', u'David Proval']"
932,7.4,Harry Potter and the Order of the Phoenix,PG-13,Adventure,138,"[u'Daniel Radcliffe', u'Emma Watson', u'Rupert Grint']"
933,7.4,Beetlejuice,PG,Comedy,92,"[u'Alec Baldwin', u'Geena Davis', u'Michael Keaton']"
934,7.4,"Crazy, Stupid, Love.",PG-13,Comedy,118,"[u'Steve Carell', u'Ryan Gosling', u'Julianne Moore']"
935,7.4,Excalibur,R,Adventure,140,"[u'Nigel Terry', u'Helen Mirren', u'Nicholas Clay']"
936,7.4,True Grit,,Adventure,128,"[u'John Wayne', u'Kim Darby', u'Glen Campbell']"
937,7.4,Labyrinth,PG,Adventure,101,"[u'David Bowie', u'Jennifer Connelly', u'Toby Froud']"
938,7.4,Alice in Wonderland,G,Animation,75,"[u'Kathryn Beaumont', u'Ed Wynn', u'Richard Haydn']"
939,7.4,Predestination,R,Drama,97,"[u'Ethan Hawke', u'Sarah Snook', u'Noah Taylor']"
940,7.4,Much Ado About Nothing,PG-13,Comedy,111,"[u'Kenneth Branagh', u'Emma Thompson', u'Keanu Reeves']"
941,7.4,A Bridge Too Far,PG,Drama,175,"[u'Sean Connery', u""Ryan O'Neal"", u'Michael Caine']"
942,7.4,Raising Arizona,PG-13,Comedy,94,"[u'Nicolas Cage', u'Holly Hunter', u'Trey Wilson']"
943,7.4,The Bucket List,PG-13,Adventure,97,"[u'Jack Nicholson', u'Morgan Freeman', u'Sean Hayes']"
944,7.4,Terms of Endearment,R,Comedy,132,"[u'Shirley MacLaine', u'Debra Winger', u'Jack Nicholson']"
945,7.4,Take Shelter,R,Drama,120,"[u'Michael Shannon', u'Jessica Chastain', u'Shea Whigham']"
946,7.4,Far from Heaven,PG-13,Drama,107,"[u'Julianne Moore', u'Dennis Quaid', u'Dennis Haysbert']"
947,7.4,Eraserhead,UNRATED,Drama,89,"[u'Jack Nance', u'Charlotte Stewart', u'Allen Joseph']"
948,7.4,Frances Ha,R,Comedy,86,"[u'Greta Gerwig', u'Mickey Sumner', u'Adam Driver']"
949,7.4,Home Alone,PG,Comedy,103,"[u'Macaulay Culkin', u'Joe Pesci', u'Daniel Stern']"
950,7.4,Bound,R,Crime,108,"[u'Jennifer Tilly', u'Gina Gershon', u'Joe Pantoliano']"
951,7.4,Sleepy Hollow,R,Drama,105,"[u'Johnny Depp', u'Christina Ricci', u'Miranda Richardson']"
952,7.4,Pirate Radio,R,Comedy,117,"[u'Philip Seymour Hoffman', u'Bill Nighy', u'Nick Frost']"
953,7.4,The NeverEnding Story,PG,Adventure,102,"[u'Noah Hathaway', u'Barret Oliver', u'Tami Stronach']"
954,7.4,X-Men,PG-13,Action,104,"[u'Patrick Stewart', u'Hugh Jackman', u'Ian McKellen']"
955,7.4,Zero Dark Thirty,R,Drama,157,"[u'Jessica Chastain', u'Joel Edgerton', u'Chris Pratt']"
956,7.4,Manhattan Murder Mystery,PG,Comedy,104,"[u'Woody Allen', u'Diane Keaton', u'Jerry Adler']"
957,7.4,National Lampoon's Vacation,R,Comedy,98,"[u'Chevy Chase', u""Beverly D'Angelo"", u'Imogene Coca']"
958,7.4,My Sister's Keeper,PG-13,Drama,109,"[u'Cameron Diaz', u'Abigail Breslin', u'Alec Baldwin']"
959,7.4,Deconstructing Harry,R,Comedy,96,"[u'Woody Allen', u'Judy Davis', u'Julia Louis-Dreyfus']"
960,7.4,The Way Way Back,PG-13,Comedy,103,"[u'Steve Carell', u'Toni Collette', u'Allison Janney']"
961,7.4,Capote,R,Biography,114,"[u'Philip Seymour Hoffman', u'Clifton Collins Jr.', u'Catherine Keener']"
962,7.4,Driving Miss Daisy,PG,Comedy,99,"[u'Morgan Freeman', u'Jessica Tandy', u'Dan Aykroyd']"
963,7.4,La Femme Nikita,R,Action,118,"[u'Anne Parillaud', u'Marc Duret', u'Patrick Fontana']"
964,7.4,Lincoln,PG-13,Biography,150,"[u'Daniel Day-Lewis', u'Sally Field', u'David Strathairn']"
965,7.4,Limitless,PG-13,Mystery,105,"[u'Bradley Cooper', u'Anna Friel', u'Abbie Cornish']"
966,7.4,The Simpsons Movie,PG-13,Animation,87,"[u'Dan Castellaneta', u'Julie Kavner', u'Nancy Cartwright']"
967,7.4,The Rock,R,Action,136,"[u'Sean Connery', u'Nicolas Cage', u'Ed Harris']"
968,7.4,The English Patient,R,Drama,162,"[u'Ralph Fiennes', u'Juliette Binoche', u'Willem Dafoe']"
969,7.4,Law Abiding Citizen,R,Crime,109,"[u'Gerard Butler', u'Jamie Foxx', u'Leslie Bibb']"
970,7.4,Wonder Boys,R,Drama,107,"[u'Michael Douglas', u'Tobey Maguire', u'Frances McDormand']"
971,7.4,Death at a Funeral,R,Comedy,90,"[u'Matthew Macfadyen', u'Peter Dinklage', u'Ewen Bremner']"
972,7.4,Blue Valentine,NC-17,Drama,112,"[u'Ryan Gosling', u'Michelle Williams', u'John Doman']"
973,7.4,The Cider House Rules,PG-13,Drama,126,"[u'Tobey Maguire', u'Charlize Theron', u'Michael Caine']"
974,7.4,Tootsie,PG,Comedy,116,"[u'Dustin Hoffman', u'Jessica Lange', u'Teri Garr']"
975,7.4,Back to the Future Part III,PG,Adventure,118,"[u'Michael J. Fox', u'Christopher Lloyd', u'Mary Steenburgen']"
976,7.4,Master and Commander: The Far Side of the World,PG-13,Action,138,"[u'Russell Crowe', u'Paul Bettany', u'Billy Boyd']"
977,7.4,Poltergeist,PG,Horror,114,"[u'JoBeth Williams', u""Heather O'Rourke"", u'Craig T. Nelson']"
978,7.4,Wall Street,R,Crime,126,"[u'Charlie Sheen', u'Michael Douglas', u'Tamara Tunie']"
